k,ftes,days
0,2.09,1.83
0,17.51,5.02
0,17.29,8.47
0,23.88,8.31
0,15.31,8.25
0,18.28,4.47
0,6.5,8.7
0,2.13,7.43
0,23.55,4.27
0,20.47,3.11
0,9.64,5.03
0,25.28,6.19
0,4.16,8
0,16.69,7.9
0,2.65,3.8
0,24.49,7.26
0,3.41,8.81
0,5.94,6.44
0,16.16,9.35
0,9.53,3.47
0,3.01,7.63
0,14.53,4
0,24.09,9.69
0,22.17,5.24
0,16.91,4.37
0,14.65,6.77
0,21.98,9.32
0,4.68,7.56
0,22.93,1.26
0,1.34,2.39
0,3.15,6.39
0,13.26,1.31
0,8.04,5.3
0,23.84,8.05
0,9.27,1.55
0,23.5,9.52
0,10.44,5.73
0,22.06,9.33
0,19.18,7.76
0,21.75,8.86
0,21.86,6.2
0,18.01,9.06
0,18.48,6.33
0,8.55,4.73
0,14.33,1.74
0,13.91,4.82
0,12.56,6.62
0,8.82,1.34
0,3.02,8.23
0,21.86,9.3
0,11.99,4.44
0,12.02,3.97
0,25.87,1.01
0,13.69,4.69
0,25.8,5.94
0,14.97,6.13
0,17.87,1.08
0,19.35,9.41
0,25.09,2.89
0,11.66,1.72
0,17.36,2.77
0,0.53,5.53
0,17.78,8.84
0,12.28,3.62
0,2.96,7.84
0,16.65,3.31
0,18.2,8.18
0,19.52,1.44
0,16.78,4.27
0,0.46,8.63
0,15.43,6.19
0,19.75,6.04
0,1.74,6.79
0,24.19,6.37
0,16.49,2.21
0,16.52,7.53
0,3.36,8.4
0,21.58,6.33
0,7.77,4.63
0,15.14,9.74
0,7.83,7.43
0,14.04,3.03
0,21.39,7.26
0,5.99,4.64
0,24.92,3.27
0,5.62,2.83
0,20.09,4.16
0,2.23,3.42
0,9.26,2.91
0,22.09,8.16
0,10.58,3.42
0,2.9,3.41
0,21.23,1.41
0,10.55,5.93
0,10.7,8.07
0,17.71,5.22
0,9.05,4.76
0,19.94,3.67
0,3.34,1.5
0,3.06,5.36
0,1.93,9.51
0,23.55,3.15
0,19.56,2.93
0,3.53,4.91
0,13.51,9.17
0,4.35,3.21
0,13.83,9.1
0,0.1,2.46
0,11.77,4.56
0,18.68,4.52
0,19.98,6.88
0,5.95,7.78
0,20.84,2.04
0,10.58,4.24
0,2.91,7.33
0,5.63,8.27
0,11.89,9.43
0,15.75,6.14
0,6.45,8.28
0,23.57,1.91
0,17.91,3.56
0,8.9,5.14
0,23.24,2.16
0,16.45,5.47
0,23.4,6.37
0,6.07,2.55
0,2.24,2.66
0,5.66,6.04
0,12.66,1.9
0,20.69,9.02
0,3.47,3.43
0,24.64,1.93
0,22.01,1.05
0,12.13,1.72
0,17.09,8.12
0,16.45,6.02
0,7.64,6.85
0,13.6,2.88
0,23.85,8.96
0,25.41,5.15
0,2.66,1.27
0,10.11,8.53
0,21.34,5.47
0,18.14,6.4
0,6.34,6.9
0,22.37,7.18
0,24.9,5.34
0,9.85,8.85
0,21.34,3.72
0,1.94,5
0,3.8,9.4
0,15.09,8.23
0,12.89,9.12
0,17.12,7.29
0,19.62,8.67
0,14.16,8.15
0,16.47,6.49
0,7.09,6.63
0,21.43,2.35
0,17.06,7.6
0,5.26,4.91
0,20.63,9.04
0,16.49,6.18
0,15.47,6.09
0,13.17,3.16
0,19.48,4.06
0,8.41,1.7
0,12.85,9.74
0,25.62,1.4
0,2.23,4.96
0,5.31,7.74
0,22.65,5.49
0,13.92,5.9
0,13.73,1.64
0,11.37,4.17
0,13.39,6.8
0,17.84,5.14
0,0.29,3.46
0,0.99,8.28
0,4.18,9.98
0,20.04,6.65
0,15.57,2.92
0,8.54,3.05
0,3.72,4.28
0,14.18,1.36
0,6.14,6.25
0,20.69,5.38
0,6.1,8.66
0,10.32,8.68
0,1.87,9.82
0,5.93,2.81
0,16.65,5.05
0,23.32,8.92
0,20.77,7.99
0,4.97,7.54
0,18.5,9.78
0,20.43,8.19
0,12.37,6.56
0,8.97,3.81
0,3.73,6.92
0,23.27,4.76
0,9.03,3.13
0,7.87,1.2
0,2.81,9
0,14.93,2.35
0,15.02,5.78
0,5.35,4.78
0,11.9,9.11
0,1.76,6.23
0,16.56,6.29
0,20.93,4.58
0,11.57,9.3
0,21.77,2.02
0,14.55,4.21
0,18.05,3.38
0,7.1,9.83
0,24.61,9.45
0,0.12,6.59
0,7.85,7.7
0,10.19,4
0,14.13,6.22
0,17.55,4.77
0,0.65,8.58
0,9.29,9.42
0,3.76,8.28
0,15.03,7.24
0,0.65,6.43
0,19.59,2.6
0,13.18,3.56
0,20.5,5.31
0,24.46,7.36
0,1.19,4.93
0,10.8,7.38
0,17.81,3.76
0,12.63,2.57
0,16.72,7.22
0,12.52,6.91
0,5.78,5.5
0,6,1.28
0,6.04,2.73
0,15.94,1.53
0,8.9,4.09
0,23.96,5.39
0,20.86,5.48
0,17.35,3.34
0,2.04,2.26
0,24.39,1.47
0,9.38,6.87
0,1.13,4.07
0,19.65,7.18
0,15,5.44
0,18.44,4.15
0,13.65,4.95
0,9.58,8.15
0,24.77,9.69
0,16.7,1.12
0,21.13,7.74
0,16.07,5.42
0,16.03,1.61
0,25.69,8.39
0,5.96,2.06
0,9.51,1.65
0,22.16,3.79
0,20.76,2.26
0,15.29,3.81
0,20.64,8.85
0,7.14,6.63
0,12.88,4.86
0,3.24,2.65
0,14.13,8.68
0,14.49,5.95
0,25.16,7.03
0,7.59,3
0,9.09,9.74
0,0.16,8.96
0,8.42,3.14
0,10,5.51
0,9.67,5.33
0,13.42,7.33
0,17.45,1.28
0,14.39,5.73
0,10.45,9.95
0,2.02,3
0,25.71,3.93
0,2.08,4.42
0,8.01,4.8
0,6.27,8.45
0,16.19,7.07
0,17.76,4.86
0,19.17,2.42
0,10.68,6.55
0,0.65,5.39
0,12.41,6.52
0,13.37,2.26
0,12.09,5.61
0,2.43,6.28
0,13.74,2.93
0,0.88,9.1
0,14.7,3.85
0,20.21,7.75
0,16.55,3.7
0,20.5,3.66
0,21.57,8.9
0,17.31,7.92
0,0.34,5.93
0,21.29,8.35
0,5.69,7.35
0,9.36,6.27
0,12.27,6.31
0,10.62,2.75
0,23.3,3.47
0,1.9,4.15
0,11.92,4.12
0,21.7,1.87
0,5.01,3.01
0,0.86,5.68
0,13.38,5.69
0,20.54,5.57
0,20.57,8.61
0,21.38,6.89
0,24.2,4.37
0,17.43,6.47
0,14.54,5.02
0,7.7,2.96
0,24.14,3.8
0,23.69,4.13
0,7.99,5.81
0,14.17,6.18
0,13.29,2.29
0,23,9.74
0,8.36,7.85
0,6.09,1.89
0,9.45,5.36
0,13.12,6.14
0,23.85,1.09
0,12.98,1.8
0,1.06,3.56
0,10.02,7.64
0,16.83,2.21
0,21.64,2.6
0,19.74,6.72
0,20.68,8.23
0,5.97,9.42
0,12.24,1.64
0,11.55,5.3
0,1.92,2.34
0,16.33,3.85
0,1.2,3.99
0,5.52,9.4
0,22.26,8.34
0,5.09,5.02
0,16.1,8.77
0,22.82,8.94
0,18.65,1.85
0,6.43,3.68
0,14.79,1.25
0,8.37,3.99
0,4.94,7.54
0,5.54,4.93
0,18.12,2.85
0,6.92,9.33
0,0.42,4.84
0,18.63,8.57
0,16.31,9.11
0,12.04,6.55
0,0.07,5.23
0,22.81,9.63
0,3.76,1.89
0,7.38,2.47
0,22.24,5.11
0,0.05,3.68
0,22.86,8.18
0,2.89,7.25
0,21.1,5.87
0,23.47,5.16
0,23.47,4.07
0,21.91,6.31
0,11.34,1.7
0,24.09,3.38
0,9.44,4.15
0,10.16,4.63
0,3.17,3.99
0,24.22,6.63
0,8.28,2.11
0,4.02,9.8
0,23.09,7.03
0,21.95,6.31
0,9.51,4.57
0,6.87,5.86
0,25.14,7.72
0,10.13,8.91
0,1.07,7.27
0,16.59,9.36
0,9.64,9.17
0,2.25,3.93
0,17.24,6.09
0,20.58,2.7
0,21.8,4.24
0,14.95,8.84
0,19.52,6.79
0,13.61,5.77
0,13.96,3.27
0,20.73,7.06
0,18.37,7.48
0,9.97,4.93
0,18.28,8.53
0,25.3,8.21
0,24.87,7.14
0,22.47,5.41
0,3.32,4.21
0,0.17,6.93
0,21.56,2.96
0,11.52,4.98
0,16.71,4.03
0,6.68,7.44
0,24.5,9.91
0,15.61,5.01
0,6.31,7.18
0,8.39,5.7
0,10.68,6.73
0,22.35,7.38
0,15.24,8.27
0,13.6,7.02
0,23.84,7.68
0,24.42,1.99
0,4.38,7.97
0,15.17,4.69
0,16.65,6.56
0,17.01,9.11
0,17.56,3.75
0,16.34,1.3
0,6.4,5.22
0,21.73,8.28
0,9.82,7.84
0,16.89,1.8
0,9.81,5.56
0,10.38,4.82
0,13.87,1.13
0,17.67,3.73
0,19.8,6.91
0,8.67,1.45
0,3.43,8.37
0,25.29,4.03
0,5.36,1.4
0,5.89,7.62
0,15.1,5.49
0,11.5,6.04
0,17.49,9.81
0,0.7,3.75
0,12.07,2.18
0,7.34,3.86
0,0.77,2.23
0,14.85,2.82
0,8.53,2.86
0,3.77,6.92
0,17.23,1.55
0,5.12,1.73
0,12.76,9.71
0,13.95,7.07
0,12.45,5.84
0,14.87,2.28
0,9.96,9.52
0,20.45,6.22
0,0.88,4.75
0,8.96,7.6
0,11.68,2.37
0,15.66,5.22
0,25.32,7.61
0,7.32,6.26
0,6.74,8.54
0,5.62,1.09
0,19.09,4.6
0,25.37,2.62
0,14.37,5.28
0,6.78,1.51
0,23.28,2.55
0,7.23,7.69
0,23.58,7.48
0,23.48,3.96
0,19.32,5.26
0,9.49,2.36
0,0.86,2.12
0,11.15,7.46
0,24.9,8.83
0,6.85,6.43
0,14.6,5.81
0,11.35,4.12
0,13.73,2.68
0,11.37,5.31
0,25.19,2.5
0,8.55,8.86
0,20,7.88
0,1.66,2.94
0,25.36,1.31
0,22.78,7.54
0,0.74,7.68
0,3.01,8.28
0,20.62,7.08
0,1.12,7.08
0,11.3,7.08
0,3.32,4.45
0,5.38,5.05
0,4.44,5.21
0,16.25,8.16
0,24.63,7.41
0,24.25,3.11
0,14.73,7.22
0,19.01,7.24
0,4.73,5.25
0,11.53,5.55
0,23.66,4.48
0,14.62,2.81
0,13.23,2.74
0,18.5,6.42
0,10.87,1.6
0,0.1,7.24
0,3.42,5.45
0,5.24,6.31
0,3.95,5.22
0,17.98,3.27
0,16.2,5.87
0,20.71,2.91
0,4.33,8.36
0,11.86,1.07
0,10.08,4.05
0,15.74,4.78
0,10.12,1.83
0,2.19,5.66
0,11.76,9.06
0,18.39,3.03
0,23.2,7.87
0,2.1,7.45
0,1.6,9.21
0,4.62,8.86
0,10.76,3.41
0,3.53,8.59
0,3.13,7.29
0,11.08,2.83
0,16.95,9.02
0,11.99,9.87
0,12.7,9.44
0,19.42,7.92
0,6.08,9.39
0,9.98,4.23
0,18.18,1.91
0,5.7,5.08
0,4.88,1.73
0,13.5,8.41
0,11.32,1.21
0,18.68,6.15
0,25.12,1.54
0,11.11,4.47
0,24.97,3.98
0,10.02,4.23
0,25.7,9.55
0,3.71,6.83
0,17.67,9.37
0,14.07,8.54
0,4.37,4.79
0,11.9,2.28
0,9.32,3.48
0,13.5,4.28
0,2.82,7.56
0,7.64,7.1
0,1.8,6.5
0,0.16,1.42
0,18.63,1.64
0,12.35,7.4
0,7.96,1.27
0,1.67,4.13
0,3.94,3.25
0,2.21,3.88
0,6.06,2.57
0,22.85,4.69
0,4.68,2.61
0,20.11,3.2
0,24.5,4.47
0,1.83,4.25
0,25.95,2.75
0,3.14,4.8
0,6.21,1.34
0,6.75,8.83
0,19.57,5.66
0,6.32,8.55
0,10.15,1.29
0,0.76,4.85
0,10.59,8.77
0,8.55,7.49
0,8.02,2.18
0,19.43,2.74
0,3.72,7.84
0,14.09,6.31
0,13.36,4.99
0,9.48,6.35
0,18.12,2.13
0,9.62,7.8
0,9.85,1.9
0,17.14,4.53
0,16.16,6.39
0,18.33,3.54
0,5.91,9.02
0,10.74,3.32
0,3.28,9.6
0,16.57,6.68
0,3.35,3.94
0,9.95,8.09
0,19.07,4.01
0,20.95,9.53
0,6.95,6.69
0,13.47,3.57
0,24.61,6.54
0,3,4.07
0,16.49,3.67
0,25.62,8.35
0,2.79,8.42
0,15.62,7.17
0,12.01,4.24
0,5.04,3.48
0,25.54,6.85
0,0.46,5.25
0,0.76,1.08
0,20.97,2.09
0,14.9,5.9
0,12.55,1.12
0,1.89,5.42
0,12.95,2.5
0,25.2,7.93
0,9.66,2.3
0,8.91,9.32
0,17.47,6.99
0,3.5,1.19
0,24.57,5.01
0,13.09,8.87
0,9.43,7.72
0,9.97,3.65
0,17.63,3.34
0,16.99,8.86
0,12.51,1.55
0,0.21,9.91
0,20.14,7.83
0,2.38,9.41
0,25.93,3.75
0,1.07,8.32
0,19.29,1.81
0,17.06,8.89
0,0.75,2.39
0,17.63,4.63
0,1.91,4.18
0,1.99,1.19
0,22.35,1.02
0,12.93,6.31
0,2.23,5.95
0,0.39,1.32
0,5.18,4.06
0,17.85,7.04
0,7.81,2.4
0,22.03,3.2
0,2.22,7.63
0,8.79,9.81
0,9.93,3.03
0,8.49,1.79
0,2.31,9.2
0,18.08,7.57
0,18.46,2.29
0,15.37,1.41
0,22.93,8.45
0,23.95,5.58
0,12.81,7.36
0,21.89,5.17
0,1.75,4.44
0,25.66,7.04
0,10.78,9.55
0,2.61,2.86
0,1.71,1.19
0,17.6,6.16
0,15.16,3.24
0,18.21,9.83
0,8.19,5.16
0,9.92,1.32
0,17.27,9.87
0,0.31,3.33
0,25.93,3.78
0,7.9,9.03
0,3.87,3.01
0,8.54,7.51
0,1.83,5.92
0,24.53,9.6
0,3.63,3.58
0,12.74,6.69
0,7.71,2.49
0,7.89,2.56
0,11.46,9.44
0,7.89,4.26
0,3.16,9.19
0,11.57,4.18
0,24.92,3.76
0,6.59,9.07
0,18.62,3.59
0,18.61,6.39
0,8.51,8.56
0,19.65,4.3
0,23.12,2.91
0,10.98,9.65
0,16.94,8.24
0,17.31,1.27
0,6.7,3.3
0,18.5,3.6
0,6.91,1.14
0,5.15,2.53
0,24.36,4.39
0,16.98,9.89
0,5.04,6.06
0,20.03,4.29
0,14.48,9.64
0,17.37,9.25
0,2.77,3.46
0,17.59,5.87
0,1.1,3.21
0,8.47,5.44
0,5.4,3.98
0,9.28,2.91
0,11.72,8.2
0,9,3.14
0,18.55,7.47
0,13.24,5.63
0,4.57,5.23
0,9.06,7.85
0,7.1,5.86
0,17.82,2.7
0,0.29,7.42
0,20.18,3.44
0,0.26,4.99
0,14.76,9.07
0,17.42,5.32
0,24.97,5.92
0,6.17,8.6
0,2.56,7.38
0,8.79,5.01
0,23.7,4.74
0,0.26,4.57
0,22.92,1.99
0,25.24,4.92
0,2.68,8.29
0,14.44,7.53
0,1.52,3.7
0,15.87,1.69
0,1,2.19
0,16.81,7.81
0,22.07,8.21
0,9.45,7.17
0,14.75,1.11
0,2.64,7.6
0,1.3,7.46
0,1.23,5.06
0,10.44,5.22
0,2.45,7.48
0,7.96,7.47
0,15.4,8.03
0,12.71,6.78
0,19.6,4.19
0,10.45,9.48
0,18.23,2.79
0,9.08,5.71
0,9.24,9.47
0,25.41,5.87
0,7.25,3.75
0,20.88,3.44
0,4.84,1.71
0,24.59,4.06
0,10.02,4.63
0,9.05,4.38
0,3.91,6.83
0,0.16,8.25
0,15.24,1.03
0,18.8,8.49
0,25.91,5.52
0,5.95,8.99
0,11.25,7.06
0,24.85,9.04
0,18.75,3.64
0,0.02,7.41
0,4.78,8.63
0,17.49,7.02
0,3.1,4.37
0,23.67,5.11
0,9.22,6.41
0,18.16,5.63
0,25.9,4.23
0,2.33,9.76
0,18.37,4.76
0,11.9,8.99
0,23.54,7.95
0,15.02,8.45
0,17.88,1.56
0,25.4,6.25
0,13.62,2.01
0,14.04,9.29
0,11.97,8.39
0,11.29,7.56
0,4.44,5.77
0,8.49,7.8
0,15.7,9.89
0,14.12,1.66
0,23.76,3.14
0,13.81,5.94
0,13.67,5.62
0,24.36,1.48
0,15.71,7.14
0,17.5,8.24
0,10.43,6.7
0,7.26,9.32
0,12.74,1.37
0,7.34,2.17
0,20.82,9.45
0,23.43,9.44
0,18.8,9.87
0,2.58,6.81
0,22.92,7.65
0,10.5,5.95
0,22.1,1.28
0,18.54,2.46
0,21.05,4.48
0,15.63,8.54
0,19.64,3.62
0,0.3,1.89
0,17.85,5.73
0,18.5,7.38
0,22.58,3.33
0,9.59,1.51
0,2.35,3.24
0,24.69,1.18
0,8.57,1.75
0,24.49,9.52
0,12.73,5.75
0,25.51,4.79
0,0.94,1.72
0,6.85,6.44
0,6.76,2.75
0,11.79,3.15
0,17.68,1.06
0,1.35,5.38
0,13.13,1.65
0,11.17,2.8
0,10.77,8.46
0,5.8,2.81
0,23.55,9.23
0,0.6,6.42
0,12.17,1.77
0,6.81,3.62
0,1.55,1.4
0,6.89,1.96
0,8.72,5.52
0,8.72,9.13
0,1.27,3.37
0,20.23,5.01
0,13.93,7.16
0,15.34,8.84
0,5.79,5.97
0,15.69,8.69
0,9.58,4.81
0,12.6,7.51
0,25.31,9.91
0,16.95,3.93
0,12.5,1.16
0,19.78,8.34
0,25.54,3.81
0,25.4,7.26
0,13.37,1.4
0,16.22,9.63
0,18.56,4.02
0,15.62,9.3
0,7.05,5.85
0,12.22,9.01
0,6.55,3.77
0,2.08,6.78
0,24.45,4.48
0,15.39,1.07
0,23.43,4.6
0,4.33,1.15
0,2.33,1.7
0,22.21,1.37
0,2.89,1.1
0,3.5,8.01
0,19.75,4.81
0,4.28,4.01
0,3.77,7.44
0,20.94,8.81
0,23.72,8.68
0,21.23,1.89
0,17.25,9.54
0,24.28,3.19
0,24.17,7.59
0,25.04,6.77
0,14.14,6.3
0,15.49,1.32
0,22.82,8.02
0,17.32,8.53
0,7.94,5.52
0,18.79,8.99
0,7.17,6.75
0,9.62,5.62
0,6.3,2.99
0,5.84,7.26
0,23.6,2.8
0,13.28,4.53
0,9.77,6.55
0,10.82,3.67
0,22.72,5.46
0,5.45,8.63
0,20.52,7.84
0,23.6,8.76
0,22.44,5.57
0,0.65,9.69
0,2.7,7.53
0,11.59,3.55
0,24.65,5.09
0,7.22,3.23
0,11.18,1.84
0,6.93,5.01
0,6.24,4.78
0,14.91,9.5
0,6.91,9.26
0,4.66,8.58
0,23.55,8
0,24.09,6.17
0,5.46,8.06
0,2.42,8.49
0,8.41,8.81
0,23.34,9.17
0,16.97,3.96
0,20.24,6.38
0,21.02,3.17
0,25.28,6.32
0,11.55,3.62
0,22.37,6.2
0,0.72,4.08
0,22.95,7.22
0,24.2,3.77
0,25.28,1.95
0,9.52,5.4
0,7.65,7.47
0,7.37,2.73
0,10.8,8.31
0,5.65,3.78
0,18.59,6.1
0,5.12,5.92
0,17.5,3
0,2.12,7.49
0,24.54,9.32
0,2.76,5.01
0,6.44,6.04
0,0.82,4.03
0,3.65,2.92
0,11.16,7.3
0,23.98,9.68
0,10.57,8.1
0,14.16,4.39
0,13.3,4.66
0,17.54,5.58
0,15.09,6.82
0,21.09,1.11
0,19.12,2.22
0,7.6,1.42
0,11.23,6.52
0,17.37,2.69
0,12.57,7.99
0,4.69,6.12
0,22.6,3.84
0,13.2,1.01
0,6.94,1.4
0,19.13,5.6
0,24.29,4.73
0,7.83,7.31
0,12.5,2.93
0,11.16,3.68
0,11.83,6.51
0,24.25,8.36
0,18.6,6.58
0,8.44,4.86
0,21.84,5.38
0,14.99,2.65
0,23.59,3.77
0,9.66,9.47
0,23.58,6.55
0,2.41,3.88
0,4.55,7.11
0,16.72,5.91
0,20.63,7.29
0,1.3,3.35
0,25.27,4.93
0,14.23,4.38
0,5.31,8.69
0,16.41,7.96
0,14.02,5.91
0,3.37,6.83
0,15.51,1.59
0,16.25,6.88
0,19.37,9.36
0,6.18,8.74
0,15.9,8.18
0,21,2.92
0,17.27,9.72
0,16.63,7.55
0,1.99,4.1
0,22.09,2.3
0,16.69,2.25
0,8.69,8.61
0,3.17,6.14
0,21.12,6.13
0,9.19,5.37
0,12.59,2.36
0,6.36,7.59
0,25.65,8.84
0,6.23,5.09
0,10.62,5.64
0,7.25,6.83
0,4.22,7.52
0,23.75,9.67
0,23.99,1.83
0,9.28,5.07
0,10.35,7.58
0,8.97,4.27
0,17.43,8.02
0,21.53,1.35
0,15.61,6.44
0,7.6,6.63
0,12.73,2.57
0,7.14,4.51
0,8.65,8.47
0,3.74,6.11
0,18.21,1.14
0,16.92,8.06
0,18.86,7.83
0,15.66,3.81
0,12,8.26
0,11.07,7.36
0,25.16,9.5
0,13.25,1.91
0,12.74,8.37
0,2.77,1.57
0,19.03,1.08
0,22.51,6.29
0,10.49,4.29
0,2.44,2.9
0,7.46,1.15
0,23.7,1.49
0,14.91,8.88
0,8.81,8.65
0,8.67,7.38
0,10.95,7.86
0,24.19,5.63
0,25.77,3.61
0,25.18,1.91
0,13.38,8.86
0,0.81,4.03
0,5.79,4.24
0,3.35,4.44
0,9.65,7.99
0,21.81,8.86
0,22.69,4.13
0,8.25,8.15
0,0.37,7.41
0,23.79,2.29
0,1.61,1.63
0,22.11,6.17
0,4.58,4.18
0,11.01,3.88
0,14.25,9.5
0,0.67,8.65
0,21.47,2.11
0,20.23,4.51
0,24.14,9.73
0,10.5,6.39
0,22.88,9.56
0,6.43,5.4
0,18.57,9.51
0,16.71,1.14
0,21.08,2.17
0,19.51,8.07
0,8.24,4.04
0,5.23,4.93
0,12.03,7.25
0,4.09,5.22
0,17.78,5.86
0,1.18,8.68
0,12.25,6.1
0,6.12,8.29
0,17.74,5.96
0,7.25,4.29
0,7.32,8.85
0,12.7,9.77
0,16.34,3.66
0,2.47,4.69
0,6.01,7.85
0,13.06,6.19
0,18.52,5.54
0,22.55,9.25
0,20.65,2.99
0,23.63,2.9
0,13.13,7.09
0,11.63,6.2
0,6.75,9.42
0,9.88,1.88
0,0.8,1.54
0,17.77,6.81
0,5.23,8.78
0,15.97,7.63
0,16.22,6.31
0,8.59,9.47
0,3.99,4.19
0,6.06,3.13
0,11.83,1.21
0,22.82,2.41
0,1.26,2.11
0,17.13,8.36
0,15.53,4.8
0,10.69,6.24
0,17.24,9.89
0,13.65,2.03
0,20.35,5.42
0,0.04,1.83
0,17,1.16
0,4.88,8.77
0,18.59,9.84
0,5.85,4.11
0,22.51,6.58
0,24.69,2.06
0,20.48,4.86
0,10.33,9.61
0,9.46,6.85
0,7.73,7.2
0,18.82,8.41
0,21.3,9.48
0,13.42,2.12
0,17.22,1.79
0,24.17,3.38
0,13.42,9.08
0,22.2,2.72
0,25.82,7.66
0,5.47,7.6
0,25.52,5.99
0,4.74,1.35
0,20.03,4.16
0,19.5,6.36
0,8.68,9.78
0,11.82,7.99
0,14.95,6.13
0,0.72,2.23
0,7.64,6.11
0,4,1.53
0,0.44,7.44
0,1.17,2.08
0,11.3,1.7
0,18.77,3.61
0,9.45,2.46
0,4.11,2.78
0,15.47,1.57
0,22.43,7.36
0,18.13,5.58
0,2.17,3.14
0,22.52,8.28
0,4.87,9.52
0,5.02,2.97
0,2.85,7.06
0,13.01,2.96
0,23.21,6.94
0,17.09,7.16
0,12.04,1.85
0,9,2.41
0,15.04,1.78
0,3.39,6.6
0,6.65,7.57
0,8.17,7.16
0,4.38,5.83
0,8.56,4.98
0,6.24,3.69
0,11.1,3.6
0,17.34,3.09
0,6.45,9.88
0,8.79,5.36
0,6.58,6.58
0,18.12,9.47
0,14.22,3.45
0,0.28,4.86
0,11.18,5.49
0,20.93,6.13
0,1.03,4.42
0,6.84,6.58
0,24.01,5.76
0,8.8,9.99
0,12.38,3.5
0,3.51,7.27
0,18.55,1.64
0,17.52,4.91
0,7.4,6.76
0,20.36,9.44
0,6.59,9.43
0,12.14,8.5
0,13.65,9.95
0,3.29,4.58
0,25.15,8.96
0,16.46,8.14
0,16.31,5.37
0,5.96,8.52
0,23.41,8.12
0,0.79,4.3
0,4.38,2.74
0,14.73,3.39
0,5.81,5.56
0,13.47,2.43
0,6.15,6.68
0,15.54,6.27
0,25.12,2.42
0,13.83,5.86
0,8.04,4.12
0,12.83,5.89
0,5.72,6.81
0,4.57,9.56
0,10.73,3.56
0,4.78,6.04
0,12.82,7.95
0,22.74,3.27
0,19.05,9.04
0,20.81,6.42
0,23.4,6.19
0,13.52,7.82
0,5.92,4.66
0,25.83,3.7
0,7.26,1.68
0,18.73,8.88
0,22.1,5.64
0,23.46,5.5
0,17.73,1.4
0,25.9,8.04
0,0.66,2.32
0,12.15,7
0,14.63,5.52
0,11.6,9.62
0,5.97,3.47
0,4.41,8.39
0,20.51,3.25
0,7.71,5.78
0,4.12,3.45
0,23.01,4.56
0,9.8,6.3
0,2.94,4.43
0,10.18,3.07
0,3.61,9.14
0,15.81,7.66
0,19.55,6.32
0,22.93,1.77
0,22.27,8.45
0,12.54,7.7
0,9.9,1.87
0,2.86,5.2
0,23.01,9.98
0,0.52,1.92
0,21.88,8.85
0,6.8,2.39
0,19.13,9.25
0,25.2,9.16
0,20.61,5.88
0,3.09,3.09
0,4.11,9.16
0,4.16,1.21
0,20.87,8.4
0,9.31,2.08
0,0.99,8.53
0,8.38,9.34
0,12.15,6.57
0,2.43,4.53
0,15.97,2.59
0,9.34,5.32
0,2.32,9.2
0,5.46,5.05
0,12.28,8.52
0,4.57,4.72
0,5.4,3.05
0,1.68,4.78
0,11.04,9.27
0,5.48,6.81
0,20.31,3.58
0,6.99,4.41
0,19.03,6.74
0,10.85,4.65
0,17.7,7.84
0,6.43,4.92
0,8.02,6.22
0,25.27,2.32
0,17.12,9.81
0,6.21,6.19
0,15.68,8.81
0,17.81,8.62
0,17.02,1.92
0,8.92,1.72
0,18.42,4.68
0,12.66,3.38
0,24.33,9.79
0,0.12,5.99
0,15.24,2.77
0,12.86,8.38
0,24.35,1.23
0,21.2,2.73
0,23.12,3.7
0,5.09,1.55
0,13.43,2.16
0,0.02,5.67
0,23.37,1.41
0,11.46,4
0,6.76,3.48
0,9.33,2.69
0,13.03,2.33
0,14.45,9.82
0,14.71,4.27
0,16.22,5.59
0,24.58,6.66
0,15.1,9.48
0,2,4.44
0,0.38,8.41
0,16.22,9.47
0,2.19,5.18
0,2.05,6.64
0,6.24,3.31
0,8.64,4.29
0,24.95,1.79
0,7.59,6.23
0,20.21,6.54
0,19.36,3.57
0,12.93,8.3
0,25.93,9.8
0,23.29,9.82
0,17.87,8.24
0,15.77,9.93
0,20.49,7.14
0,24.09,9.51
0,17.48,6.32
0,11.14,1.67
0,1.4,5.08
0,18.71,4.09
0,24.47,6.13
0,23.05,4.54
0,14.89,2.91
0,21.68,9.99
0,12.02,9.44
0,14.68,3.23
0,8.9,9.51
0,9.69,5.12
0,9.7,6.46
0,11.21,1.79
0,3.33,5.24
0,7.13,5.97
0,15.27,3.42
0,2.81,9.29
0,6.18,9.8
0,3.95,2.89
0,21.39,9.15
0,10.88,4.25
0,20.22,1.62
0,1.63,3.11
0,3.86,7.19
0,19.07,8.09
0,3.64,8.25
0,24.38,5.72
0,5.17,7.2
0,4.08,6.96
0,17.97,5.46
0,19.8,9.76
0,3.25,4.66
0,19.61,6.41
0,21.65,3.44
0,9.38,6.43
0,13.06,6.68
0,15.73,9.84
0,19.08,1.77
0,20.96,3.95
0,23.99,7.07
0,21.53,5.13
0,25.17,2.84
0,18.65,3.95
0,20.9,7.17
0,21.42,7.01
0,19.37,9.81
0,13.32,3.75
0,10.19,3.08
0,9.13,7.89
0,18.78,2.83
0,17.33,7.06
0,25,1.65
0,20.24,1.83
0,15.29,2.65
0,14.03,2.61
0,17.49,9.23
0,3.81,3.12
0,17.56,1.67
0,9.21,2.73
0,16.15,7.72
0,20.93,5.11
0,18.65,7.52
0,22.3,9.57
0,21.16,9.65
0,1.61,2.64
0,16.54,9.68
0,8.28,2.75
0,12.24,1.57
0,12.56,9.43
0,0.27,3.66
0,18.34,4.34
0,17.16,3.58
0,3.18,3.31
0,13.15,9.8
0,25.43,2.03
0,4.73,2.63
0,17.78,4.01
0,17.86,9.15
0,23.16,4.71
0,3.24,1.79
0,9.45,8.1
0,11.94,8.99
0,9.71,5.93
0,7.16,8.69
0,18.54,2.05
0,22.4,1.77
0,23.79,9.39
0,21.03,9.26
0,20.42,2.21
0,25.75,6.67
0,8.2,9.62
0,25.56,5.51
0,15.48,1.52
0,23.54,8.25
0,18.21,8.42
0,25.59,7.98
0,11.84,6.2
0,24.26,2.4
0,22.67,8.77
0,3.58,6.11
0,24,5.81
0,23.73,1.8
0,10.8,7.56
0,9.16,9.8
0,23.74,3.1
0,16.37,8.05
0,4.43,7.78
0,6.55,3.06
0,6.31,9.24
0,5.59,8.82
0,24.83,6.46
0,9.68,9.91
0,8.4,6.39
0,21.85,2.3
0,7.38,5.15
0,6.83,9.95
0,22.24,4.44
0,1.33,6.29
0,24.89,1.09
0,23.6,3.75
0,21.56,5.69
0,9.43,1.68
0,0.2,1.05
0,10.16,2.26
0,21.63,1.26
0,2.32,8.39
0,17.91,9.07
0,15.48,8.73
0,18.17,5.58
0,0.09,4.56
0,18.38,9.77
0,14.55,8.83
0,1.47,4.92
0,21.23,5.55
0,12.65,6.63
0,14.94,5.81
0,21.18,3.27
0,12.59,9.74
0,3.08,8
0,21.82,1.87
0,1.15,8.21
0,22.38,1.32
0,10.48,9.12
0,19.45,5.85
0,12.02,1.42
0,10.28,9.12
0,8.09,4.04
0,3.26,3.52
0,8.48,1.88
0,20.7,1.2
0,10.62,2.49
0,7.06,9.62
0,16.51,6.78
0,24.93,4.78
0,3.03,3.78
0,0.43,2.51
0,9.62,4.63
0,22.46,9.52
0,17.98,5.94
0,3.65,1.3
0,11.21,9.32
0,13.48,2.7
0,15.64,4.3
0,8.76,5.27
0,6.97,2.74
0,2.65,8.43
0,3.47,2.72
0,20.78,3.92
0,0.39,7.75
0,18.34,9.89
0,12.68,7.34
0,25.2,7.36
0,10.33,9.79
0,17.46,1.42
0,18.29,2.99
0,5.93,6.64
0,7.49,4.15
0,0.73,4.53
0,24.6,8.67
0,23.74,5.46
0,18.49,1.72
0,19.97,8.89
0,14.91,3.81
0,23.83,3.66
0,3.88,3
0,14.46,2.79
0,9.31,7.3
0,23.13,5.22
0,2.19,3.57
0,23.44,5.86
0,7.7,4.16
0,23.29,9.06
0,15.82,3.11
0,21.33,4.8
0,23.55,5.29
0,22.97,7.68
0,11.24,2.26
0,8.3,8.72
0,24.08,9.22
0,5.46,9.88
0,24.71,9.42
0,4.5,2.94
0,21.96,4.17
0,14.48,6.61
0,13.55,9.56
0,1.98,3.72
0,21.83,9.83
0,5.4,2.6
0,1.27,8.11
0,11.96,9.88
0,14.47,2.82
0,13.84,5.44
0,6.51,5.64
0,12.18,4.2
0,1.94,9.26
0,6.38,5.53
0,20.73,6.87
0,3.56,5.54
0,15.63,4.81
0,22.5,6.3
0,6.4,7.43
0,3.16,5.03
0,12.84,7.53
0,17.55,6.81
0,5.1,1.44
0,17.72,1.53
0,0.8,3.55
0,12.04,8.56
0,20.04,9.72
0,8.31,5.69
0,9.48,3.67
0,18.48,8.25
0,2.13,3.72
0,13.47,6.56
0,5.65,5.19
0,7.04,4.95
0,19.02,6.02
0,12.24,9.62
0,10.18,7.41
0,6.97,2.63
0,24.58,1.33
0,9.8,1.5
0,11.45,2.09
0,22.9,6.11
0,24.3,5.84
0,11.45,6.23
0,17.19,1.72
0,4.86,7.65
0,5.99,6.65
0,16.24,9.89
0,1.39,5.81
0,19.81,8.97
0,7.85,4.31
0,17.38,3.35
0,22.92,5.9
0,8.38,7.56
0,15.16,3.51
0,8.63,4.83
0,10.86,4.45
0,8.92,8.41
0,3.45,5.3
0,12.21,7
0,25.14,2.75
0,8.46,4.12
0,6.3,7.41
0,7.33,8.79
0,21.1,4.18
0,23.32,2.41
0,20.54,3.08
0,23.56,3.96
0,16.54,5.7
0,18.92,4.72
0,23.69,3.39
0,9.32,3.27
0,6.81,6.2
0,25.32,3.32
0,23.9,9.6
0,24.64,8.78
0,23.16,3.18
0,19.14,1.46
0,16.01,3.91
0,21.72,4.13
0,25.96,4.34
0,20.67,8.11
0,14.06,8.38
0,9.86,9.03
0,9.88,9.86
0,0.48,2.74
0,15.84,9.25
0,8.8,2.08
0,1.74,7.44
0,2.43,3.31
0,3.01,3.17
0,11.45,8.71
0,4.65,9.89
0,15.49,7.53
0,14.42,2.36
0,23.42,2.89
0,3.9,5.68
0,25.76,4.79
0,8.35,1.61
0,19.54,8.58
0,12.8,5.72
0,7.35,7.95
0,22.63,8.84
0,16.92,5.97
0,15.51,3.44
0,25.18,8.16
0,19.8,8.45
0,1.64,7.56
0,2.82,8.82
0,9.82,8.71
0,3.92,1.12
0,10.05,2.85
0,9.01,8.23
0,5.39,5.6
0,8.49,7.07
0,23.22,8.29
0,10.49,3.25
0,16.31,6.12
0,21.36,6.53
0,6.57,2
0,24.26,3.87
0,3.13,6.97
0,15.88,6.5
0,16.29,8.63
0,12.58,1.8
0,0.6,1.25
0,12.65,9
0,2.66,6.74
0,6.58,5.61
0,22.15,8.28
0,21.5,4.28
0,9.15,8.58
0,11.3,2.57
0,22.26,7.16
0,20.42,1.32
0,5.65,8.31
0,0.58,9.95
0,15.21,1.96
0,6.85,6.53
0,6.54,7.44
0,22.61,7.26
0,5.34,3.44
0,5.32,5.52
0,22.41,6.88
0,21.73,6.04
0,6.16,4.63
0,1.05,1.8
0,1.34,7.19
0,5.45,5.35
0,9.15,5.18
0,7.98,8.23
0,14.64,3.84
0,1.64,4
0,22.43,1.41
0,15.13,5
0,7.47,3.78
0,7.44,3.89
0,20.63,7.59
0,7.45,9.92
0,4.49,7.44
0,10.07,7.8
0,3.66,3.64
0,22.85,5.86
0,13.61,4.16
0,25.44,8.44
0,15.78,8.95
0,10.28,5.84
0,24.66,9
0,12.18,5.45
0,14.26,4.38
0,10.33,1.87
0,2.39,1.81
0,19.3,1.36
0,3.97,3.01
0,21.59,4.04
0,7.65,1.1
0,26,5.5
0,3.85,4.01
0,5.68,3.04
0,3.8,9.28
0,0.15,5.38
0,9.53,1.64
0,2.95,9.16
0,0.49,7.13
0,6.95,9
0,24.6,7.04
0,23.94,5.68
0,1.92,3.48
0,18.7,5.05
0,15.69,1.32
0,15.52,8.54
0,4.29,6.35
0,6.43,5.3
0,16.06,7.14
0,23.73,6.8
0,8.78,7.79
0,2.9,4.26
0,11.17,2.3
0,7.93,3.89
0,11.84,3.67
0,25.87,9.47
0,9.61,1.88
0,5.98,5.34
0,6.82,1.56
0,5.25,8.65
0,11.95,3.35
0,10.81,1.01
0,1.8,7.7
0,13.55,2.67
0,5.24,8.4
0,5.44,5.16
0,4.15,9.41
0,4.55,6.56
0,21.69,9.96
0,5.46,2.14
0,15.71,6.93
0,25.74,6.87
0,14.67,8.05
0,9.7,5.63
0,10.06,1.27
0,24.87,9.94
0,12.72,8.03
0,25.71,2.64
0,20.1,6.42
0,19.1,4.89
0,18.29,2.6
0,13.95,4.58
0,1.82,3.83
0,15.42,5.45
0,8.97,7.24
0,14.42,2.11
0,9.99,3.21
0,20.66,4.43
0,11.41,9.52
0,12.78,5.27
0,16.93,6.48
0,18.73,2.13
0,25.96,9.77
0,2.66,1.89
0,5.75,8.68
0,1.07,8.91
0,0.16,7.18
0,15.03,8.4
0,15.6,9.83
0,22.03,3.79
0,6.08,9.32
0,19.25,6.88
0,11.4,2.18
0,5.96,1.57
0,10.35,6.69
0,0.32,6.36
0,21.94,5.89
0,1.7,6.46
0,14.15,6.9
0,0.81,4.16
0,12.72,6.02
0,24.41,8.09
0,11.09,4.14
0,18.18,6.28
0,3.8,7.81
0,10.95,9.6
0,18.69,3.88
0,2.95,1.99
0,18.5,6.24
0,8.75,6.76
0,0.69,6.94
0,13.9,9.23
0,6.21,1.76
0,4.02,9.46
0,1.57,7.84
0,22.15,1.85
0,19.12,9.22
0,5.46,3.62
0,19.16,3.76
0,6.55,1.92
0,21.12,1.8
0,22.11,2.93
0,2.95,1.32
0,9.56,7.89
0,15.25,5.54
0,2.04,4.94
0,21.54,2.64
0,16.13,2.46
0,11.1,1.64
0,6.59,9.45
0,6.81,1.88
0,10.35,8.82
0,21.72,2.1
0,3.73,1.25
0,14.27,5.64
0,15.03,3.74
0,20.59,3.47
0,0.34,9.66
0,8.65,7.73
0,0.81,2.18
0,0.58,5.46
0,23.81,8.95
0,17.05,7.5
0,19.39,2.91
0,1.49,7.08
0,11.68,5.19
0,1.47,7.68
0,15.7,5.88
0,1.97,4.93
0,9.74,9.14
0,17.67,9.59
0,24.19,2.44
0,12.68,5.88
0,12.3,9.12
0,17.22,4.09
0,10.46,7.32
0,2.98,3.51
0,22.7,5.83
0,22.97,4.43
0,22.33,5.27
0,4.77,5.22
0,12,3.39
0,16.89,7.14
0,19.69,5.64
0,22.37,5.37
0,11.42,7.58
0,9.8,3.28
0,16.85,2.7
0,16.39,5.62
0,6.32,7.83
0,5.42,5.98
0,15.82,2.53
0,19.34,3.48
0,7.04,5.75
0,19.87,6.47
0,11.24,5.5
0,20.2,6.62
0,8.42,8.28
0,13.6,2.25
0,25.72,8.96
0,11.63,5.2
0,14.41,5.82
0,4.51,4.48
0,9.09,9.55
0,6.5,5.14
0,23.01,4.86
0,2.9,7.44
0,12.43,5.23
0,25.7,6.48
0,15.39,3.76
0,5.81,3.02
0,6.52,4.93
0,17.15,9.46
0,13.11,2.45
0,12.17,8.38
0,25.74,1.23
0,21.95,8.68
0,13.62,8
0,20.08,4.64
0,1.92,7.47
0,11.98,2.15
0,25.64,5.05
0,13.74,1.09
0,25.74,7.72
0,5.46,8.9
0,8.36,2.53
0,13.43,1.88
0,2.86,7.2
0,14.45,5.92
0,14.48,1.66
0,23.23,3.72
0,7.75,6.52
0,5.83,5.22
0,16.44,2.83
0,21.21,2.54
0,14.14,6.89
0,20.61,4.79
0,24.3,2.81
0,14.55,4.91
0,13.1,8.04
0,20.93,8.58
0,11.31,6.81
0,3.13,6.93
0,19.84,2.03
0,9.95,5.91
0,19.59,4.84
0,13.7,4.22
0,12.45,4.66
0,11.16,9.27
0,25.93,4.76
0,2.11,1.41
0,5.8,9.25
0,10,7.93
0,3.96,5.74
0,12.29,5.54
0,2.1,3.84
0,0.91,8.1
0,2.47,6.3
0,12.1,6.61
0,4.25,9.83
0,15.38,7.68
0,7.09,3.64
0,23.39,2.49
0,15.82,6.61
0,2.1,1.38
0,10.91,9.93
0,3.23,7.76
0,18.37,3.54
0,20.38,7.42
0,1.35,4.36
0,1.68,2.91
0,0.23,1.17
0,12.87,5.22
0,5.05,9.73
0,21.46,7.76
0,16.76,7.71
0,2.86,7.39
0,15.86,1.56
0,2.35,1.41
0,12.34,1.04
0,19.26,7.84
0,20.14,2.89
0,6.63,3.21
0,19.53,9.01
0,24.3,7.12
0,3.89,5.56
0,12.64,1.78
0,3.61,2.92
0,21.31,7.87
0,1.2,8.45
0,15.88,4.67
0,12.71,8.72
0,8.11,1.59
0,21.71,5.99
0,19.89,7.74
0,18.38,2.45
0,2.63,3.99
0,14.44,9.48
0,21,4
0,19.22,3.03
0,20.99,2.27
0,23.2,4.93
0,10.12,9.2
0,18.58,1.93
0,0.87,3.97
0,2.31,7.75
0,19.13,4.34
0,6.11,4.37
0,3.73,2.11
0,12,5.38
0,18.61,3.88
0,6.9,7.42
0,23.76,5.43
0,5.87,7.22
0,14.48,3.45
0,2.86,6.7
0,24.57,1.73
0,11.23,1.24
0,18.06,9.88
0,9.01,5.68
0,19.11,8.38
0,1.08,2.81
0,3.6,1.84
0,25.72,1.83
0,19.31,4.42
0,18.73,1.33
0,23.96,6.31
0,9.99,6.44
0,14.1,9.77
0,25.65,2.83
0,8.12,1.19
0,24.17,1.65
0,15.4,6.12
0,8.9,9.59
0,9.85,6.03
0,12.23,1.55
0,0.61,9.48
0,14.42,4.82
0,14.01,4
0,14.79,8.61
0,23.99,2.41
0,6.18,7.37
0,20.21,5.31
0,1.4,7.97
0,22.73,3.07
0,5.12,4.04
0,9.9,2.67
0,5.29,9.68
0,14.93,7.38
0,12.05,5.1
0,14.46,4.91
0,7.56,6.77
0,6.33,7.76
0,9.95,5.12
0,12.57,5.83
0,2.69,3.2
0,23.79,9.81
0,22.4,8.69
0,15.33,6.76
0,19.43,8
0,7.56,4.93
0,3.83,1.12
0,3.88,5.89
0,5.48,6.87
0,19.96,8.13
0,0.03,3
0,22.26,5.38
0,4.31,4.93
0,7.6,4.7
0,5.8,9.25
0,13.67,5.98
0,24.11,5.85
0,22.29,2.08
0,25.91,7.63
0,15.07,6.57
0,22.82,3.62
0,1.52,5.47
0,19.99,7.62
0,5.26,9.24
0,8.78,3.85
0,25.24,2.76
0,0.85,6.4
0,9.09,2.74
0,6.57,7.47
0,12.44,2.9
0,0.73,3.47
0,22.72,4.96
0,17.72,3.86
0,19.2,2.56
0,9.34,4.55
0,25.87,6.31
0,12.8,5.17
0,7.45,7.82
0,4.34,7.27
0,4.9,7.01
0,0.57,4.72
0,16.49,9.6
0,25.67,4.68
0,11.85,1.92
0,14.63,4.92
0,25.69,8.83
0,6.39,1.31
0,5.4,6.38
0,21.59,8.23
0,1.81,1.77
0,22.46,2.96
0,18.98,3.25
0,2.84,3.06
0,22.12,8.62
0,3.74,5.06
0,22.58,2.75
0,14.03,7.57
0,15.81,8.68
0,24.84,1.43
0,11.6,9.65
0,20.88,4.46
0,5.77,4.27
0,22.78,5.06
0,18.91,3.17
0,7.71,1.72
0,25.07,7.28
0,1.09,1.12
0,18.91,4.46
0,22.25,5.42
0,1.92,5.89
0,18.48,3.37
0,23.68,1.09
0,13.64,8.47
0,11.87,6.63
0,18.58,2.75
0,16.51,4.57
0,18.27,9.96
0,7.94,7
0,4.5,7.11
0,25.63,2.38
0,17.66,8.84
0,22.33,3.98
0,22.52,7.01
0,5.32,8.22
0,15.96,9.16
0,19.83,1.23
0,25.87,4.53
0,20.59,2.08
0,23.13,4.25
0,15.79,5.52
0,14.3,4.4
0,6.72,3.44
0,1.14,4.8
0,25.66,5.69
0,1.51,4.63
0,1.07,2.26
0,17.39,6.46
0,24.16,6.43
0,12.32,3.48
0,15.75,6.12
0,16.2,2.36
0,18.8,4.48
0,23.13,4.13
0,2.7,2.77
0,2.83,8.09
0,5.48,7.18
0,16.2,4.94
0,18.32,3.98
0,22.27,3.5
0,11.25,3.72
0,9.85,5.78
0,9.17,2.68
0,22.49,7.04
0,15.88,2.12
0,0.43,7.49
0,25.25,4.01
0,7.46,4.19
0,4.35,3.98
0,22.7,6.19
0,16.23,9.19
0,6.38,7.87
0,5.06,2.12
0,17.27,4.53
0,14.99,9.52
0,23.79,9.34
0,7.01,3.02
0,0.99,7.35
0,24.88,5.3
0,17.22,5.25
0,17.04,4.31
0,0.48,4.46
0,12.94,4.28
0,0.71,2.84
0,21.69,3.17
0,6.4,1.3
0,13.14,6.32
0,4.97,4.57
0,14.58,3.6
0,10.11,1.45
0,16.75,7.45
0,7.95,6.73
0,20.46,7.4
0,21.09,5.09
0,8.75,3.13
0,17.43,7.26
0,18.93,2.44
0,20.92,8.97
0,6.94,1.96
0,4.72,7.09
0,8.23,5.74
0,18.07,1.41
0,6.13,5.73
0,19.84,7.83
0,16.22,8.99
0,10.97,8.98
0,19.68,8.97
0,23.63,4.91
0,24.75,5.55
0,12.45,6.55
0,2.77,5.44
0,20.06,5.48
0,6.44,1.81
0,6.95,2.35
0,18.94,5.26
0,18.79,9.61
0,13.12,1
0,8.4,3.44
0,13.86,2.11
0,15.18,6.25
0,16.16,8.64
0,3.11,8.71
0,13.8,5.41
0,23.94,3.87
0,25.87,3.06
0,3.37,4.97
0,3.63,9.55
0,20.92,7.26
0,1.71,9.58
0,24.65,7.66
0,14.29,3.11
0,20.57,5.58
0,22.06,8.39
0,7.7,3.51
0,15.53,6.23
0,11.97,3.56
0,12,3.2
0,6.32,7.67
0,18.14,5.52
0,9.61,6.37
0,12.66,8.66
0,3.41,3.24
0,11.36,3.33
0,11.47,3.95
0,7.92,4.94
0,5.4,8.25
0,4.19,1.42
0,5.57,7.83
0,3.65,8.7
0,25.23,2.68
0,7.67,2.78
0,17.15,1.71
0,19.45,1.06
0,17.94,2.53
0,20.5,4.1
0,8.23,8.16
0,23.9,4.86
0,1.02,8.12
0,8.62,9.15
0,7.39,5.48
0,9.46,7.63
0,12.48,2.21
0,16.64,8.94
0,5.32,1.48
0,6.8,3.17
0,6.28,6.71
0,18.79,8.86
0,22.75,8.27
0,13.03,6.84
0,14.96,5.93
0,11.98,1
0,12.68,1.11
0,23.88,7.76
0,25.97,5.02
0,22.86,9.24
0,2.45,9.39
0,1.15,1.95
0,12.78,4.32
0,17.47,2.47
0,3.22,3.16
0,8.72,7.92
0,9.67,8.68
0,2.55,1.64
0,7.54,5.78
0,24.69,7.06
0,22.04,5.56
0,1.53,6.74
0,15.25,6.21
0,15.09,1.73
0,12.74,8.72
0,0.09,7.7
0,8.65,5.35
0,13.67,6.66
0,1.96,5
0,10.64,4.32
0,7.59,8.6
0,20.02,2.69
0,8.68,2.65
0,14.51,6.19
0,23.96,6.58
0,22,1.11
0,8.16,8.94
0,4.75,9.88
0,15.1,3.92
0,11.02,6.96
0,25.83,2.2
0,3.63,2.01
0,6.35,3.88
0,7.17,5.29
0,7.18,5.38
0,11.15,8.82
0,16.96,9.18
0,8.35,2.09
0,22.51,8.35
0,15.47,5.28
0,2.77,1.74
0,8.35,8.14
0,24.03,2.42
0,19.8,6.12
0,23,3.96
0,22.66,6.38
0,24.9,5.82
0,4.71,5.42
0,17.33,2.76
0,17.37,3.19
0,10.91,9.02
0,2.22,8.66
0,21.38,5.61
0,14.55,8.35
0,2.22,1.75
0,18.25,6.73
0,1.7,9.25
0,15.49,8.04
0,13.88,9.73
0,3.76,1.08
0,22.79,1.3
0,21.71,6.1
0,12.06,6.75
0,14.73,6.91
0,4.09,6.52
0,24.38,7.24
0,5.96,9.68
0,23.61,4.7
0,22.83,3.15
0,1.96,9.31
0,16.1,4.76
0,16.57,5.11
0,23.3,6.31
0,10.81,4.1
0,4.69,4.07
0,4.2,8.98
0,4.43,7.41
0,15.6,6.77
0,9.65,8.69
0,9.41,1.83
0,25.15,5.19
0,18.17,9.74
0,12.37,8.32
0,8.96,4.58
0,7.67,4.78
0,6.04,9.32
0,4.5,9.75
0,12.62,3.7
0,22.35,1.58
0,10.87,8.32
0,6.92,7.68
0,4.2,9.26
0,10.43,2.4
0,6.82,9.76
0,7.87,7.77
0,6.46,3.3
0,9.31,3.1
0,17.88,1.25
0,13.3,5.48
0,23.68,3.44
0,21.21,5.21
0,11.25,4.76
0,3.92,1.71
0,19.33,8.61
0,22.05,9.2
0,11.06,8.7
0,8.34,6.05
0,1.85,6.43
0,19.01,2.7
0,7.17,1.32
0,25.73,1.32
0,23.79,5.24
0,10.4,2.23
0,10.3,2.94
0,20.08,4.47
0,25.2,1.99
0,24.53,3.29
0,3.51,4.26
0,15.88,8.46
0,1.83,1.86
0,1.1,8.38
0,10.92,1.54
0,17.24,6.63
0,13.32,4.84
0,2.58,5.61
0,6.24,8.47
0,17.09,6.97
0,20.6,6.51
0,7.69,1.79
0,24.19,4.86
0,8.5,4.76
0,20.07,8.39
0,1.72,7.64
0,5.04,6.61
0,4.28,8.59
0,25.97,8.85
0,14.03,9.96
0,21.74,6.03
0,4.38,1.24
0,16.82,8.34
0,25.55,2.06
0,24.15,3.18
0,3.09,1.14
0,25.58,7.99
0,25.73,3.47
0,6.92,9.79
0,17.55,7.69
0,16.06,6.4
0,15.89,6.43
0,13.46,5.38
0,19.91,2.43
0,1.1,3.68
0,22.6,10
0,14.83,2.32
0,16.46,6.9
0,22.39,9.44
0,0.61,9.91
0,8.01,3.34
0,24.8,9.8
0,13.93,4.33
0,6.24,9.84
0,19.91,3.31
0,7.5,2.74
0,25.31,4.35
0,22.29,3.23
0,12.36,1.35
0,2.63,8.2
0,24.33,7.5
0,23.77,3.89
0,21.41,3.44
0,17.08,9.46
0,0.9,2.26
0,6.3,2.38
0,2.96,1.52
0,18.15,6.85
0,9.88,9.34
0,13.44,7.9
0,3.7,3.44
0,22.98,1
0,16.28,4.35
0,11.19,4.43
0,11.8,4.64
0,1.96,1.48
0,15.71,6.73
0,19.22,3.13
0,7.93,4.16
0,2.97,4.56
0,0.44,7.27
0,24.18,2.82
0,2.87,2.53
0,3.34,4.17
0,18.83,7.98
0,1.93,6.29
0,20.4,2.62
0,0.33,9.97
0,23.33,8.49
0,11.94,4.17
0,23.02,4.86
0,24.5,5.06
0,21.88,2.83
0,25.51,3.45
0,2.8,7.01
0,25.89,6.05
0,21.72,1.15
0,23.71,5.53
0,2.69,6.81
0,13.8,9.08
0,0.63,8.45
0,9.97,4.63
0,6.39,4.01
0,5.17,5.79
0,3.68,6.76
0,21.74,5.73
0,3.24,4.55
0,15.58,5.6
0,2.28,9.64
0,19.31,9.28
0,12.81,1.13
0,2.44,4.04
0,4.18,8.4
0,16.8,9.5
0,3.1,1.91
0,10.99,2.26
0,14.89,1.06
0,15.75,8.95
0,25.93,6.66
0,15.51,2.9
0,17.79,2.62
0,12.68,9.25
0,4.51,2.31
0,14.09,9.58
0,23.05,4.7
0,8.31,2.13
0,6.61,2.93
0,4.18,4.05
0,5.12,2.01
0,25.22,3.02
0,18.96,7.31
0,14.91,8.76
0,4.42,2.22
0,2.19,1.57
0,2.25,5.87
0,13.24,4.28
0,13.56,9.66
0,20.6,7.07
0,2.96,4.89
0,18.23,8.77
0,22.3,1.8
0,21.13,1.4
0,24.03,1.32
0,9.17,2.23
0,12.42,2.88
0,14.18,6.42
0,22.84,1.24
0,1.1,8.79
0,25.88,6.17
0,20.06,6.45
0,16.45,1.68
0,4.88,9.47
0,18.42,1.46
0,16.33,6.58
0,17.79,4.33
0,1.14,5.96
0,11.95,5.01
0,1.27,9.25
0,2.14,6.84
0,7.35,1.69
0,14.14,8.07
0,20.89,9.12
0,11.01,2.21
0,10.17,1.95
0,15.3,2.6
0,9,1.24
0,15.41,5.09
0,3.4,8.39
0,18.61,3.3
0,18.74,3.46
0,1.58,8.04
0,16.16,7.9
0,6.7,4.72
0,14.31,8.64
0,16,8.37
0,7.82,7.6
0,7.4,5.62
0,19.63,3.16
0,21.63,9.71
0,3.36,7.1
0,22.54,9.62
0,1.85,2.39
0,22.6,5.22
0,1.87,5.38
0,4.05,5.11
0,4.48,2.03
0,7.07,6.66
0,24.83,4.26
0,20,1.57
0,10.34,4.77
0,20.06,7.93
0,14.37,5.68
0,14.9,5.71
0,15.29,3.67
0,20.11,5.14
0,23.95,1.19
0,17.31,8.62
0,10.35,3.36
0,25.1,1.87
0,8.41,2.57
0,23.48,5.84
0,15.78,5.66
0,24.11,8.88
0,0.05,1.16
0,0.82,7.42
0,17.12,7.59
0,23.58,3.27
0,18.1,9.96
0,13.1,9.06
0,15.38,8.87
0,3.76,2.61
0,0.25,7.13
0,4.5,9.96
0,11.02,6.21
0,19.75,2.06
0,25.9,9.69
0,2.2,9.3
0,17.81,5.75
0,2.34,8.22
0,22.99,8.02
0,1.25,7.78
0,1.39,1.27
0,7.75,1.53
0,13.01,3.81
0,16.72,2.24
0,10.88,1.68
0,22.9,2.54
0,2.41,7.2
0,9.34,7.4
0,12.2,1.22
0,11.51,5.44
0,5.05,8.57
0,16.84,6.11
0,7.99,6.2
0,8.01,8.17
0,1.27,4.06
0,1.34,5.97
0,4.21,8.85
0,3.68,8.44
0,4.96,8.83
0,13.31,7.16
0,24.89,3.49
0,1.59,7.47
0,6.3,1.11
0,7.9,9.39
0,6.16,7.34
0,1.83,3.53
0,19.75,1.48
0,3,3.01
0,20.21,5.56
0,1.56,2.36
0,5.08,4.51
0,15.51,2.21
0,17.56,6.71
0,13.16,6.98
0,0.61,2.66
0,23.67,4.78
0,16.77,8.93
0,4.08,3
0,9.14,8.26
0,11.43,4.94
0,3.67,6.14
0,5.55,2.46
0,15.56,6.15
0,17.24,6.86
0,8.17,2.97
0,12.1,6.5
0,18.04,1.62
0,10.61,5.57
0,3.92,8.06
0,22.31,7.13
0,18.06,2.31
0,18.84,4.99
0,21.82,9.52
0,10.68,1.97
0,13.4,6.66
0,25.25,2.11
0,9.06,8.75
0,10.84,5.69
0,19.8,1.65
0,15.09,5.43
0,13.8,6.1
0,22.75,9.68
0,5.22,2.62
0,23.95,3.92
0,12.82,1.03
0,2.89,2.52
0,15.89,1.37
0,8.32,2.16
0,18.87,9.35
0,3.18,3.29
0,13.11,7.17
0,13.09,6.84
0,21.73,3.41
0,24.72,9.98
0,12.04,4.39
0,24.28,9.92
0,6.14,2.12
0,17.92,4.67
0,15.71,1.96
0,21.09,3.92
0,6.57,6.91
0,7.93,3.16
0,10.99,2.11
0,18.24,6.5
0,7.47,7.49
0,24.83,1.21
0,9.52,1.46
0,10.59,4.81
0,25.5,8.41
0,9.59,6.36
0,19.03,7.66
0,0.42,4.16
0,23.12,6.49
0,12.88,1.3
0,24.02,1.29
0,23.93,5.72
0,15.44,9.18
0,2.39,4.64
0,7.22,8.55
0,15.8,3.51
0,5.42,3.07
0,12.82,8.45
0,5.82,7.17
0,17.63,8.41
0,0.59,7.16
0,22.51,9.76
0,8.85,4.24
0,19.82,9.74
0,10.17,9.82
0,16.11,6.63
0,0.63,1.08
0,7.17,9.08
0,9.75,6.07
0,7.12,3.82
0,16.81,7.7
0,23.89,2
0,18.38,1.7
0,9.07,9.87
0,17.36,3.53
0,11.37,1.65
0,10.03,3.81
0,17.33,3.17
0,21.53,2.79
0,15.94,4.5
0,4.33,4.79
0,5.68,7.66
0,2.58,2.25
0,22.96,3.62
0,23.53,2.61
0,5.68,2.35
0,4.19,6.49
0,25.05,4.64
0,11.87,4.75
0,10.66,5.3
0,7.21,8
0,18.09,1.77
0,18.36,3.89
0,13.29,6.34
0,16.9,7.68
0,17.95,8.61
0,22.63,9.3
0,25.59,1.88
0,25.73,4.65
0,20.43,7.98
0,19.32,5.93
0,23.81,7.7
0,13.25,3.34
0,26,2.17
0,3.02,3.69
0,20.73,6.2
0,14.87,7.38
0,0.04,6.82
0,18.5,3.12
0,1.61,9.18
0,6.67,2.94
0,6.1,2.74
0,5.15,8.2
0,7.49,3.95
0,14.67,9.23
0,25.89,4.16
0,7.48,5.15
0,2.1,8.53
0,17.87,3.88
0,16.61,3.24
0,4.62,7.37
0,21.39,1.64
0,22.61,9.05
0,12.31,7.48
0,10.82,2.23
0,2.57,2.44
0,9.06,2.93
0,13.94,3.6
0,0.88,7.92
0,7.97,5
0,15.2,1.1
0,6.31,4.26
0,25.35,1.26
0,5.18,2.57
0,12.89,4.08
0,19.94,7.48
0,11.55,7.2
0,14.42,2.29
0,1.23,3.5
0,3.76,2.56
0,14.71,4.94
0,23.29,8.15
0,22.45,2.68
0,23.04,8.32
0,22.35,6.8
0,12.56,8.67
0,14.84,9.45
0,5.46,4.02
0,18.04,5.54
0,23.8,8.53
0,3.84,6.28
0,17.76,5.08
0,24.64,7.34
0,0.23,1.26
0,13.75,7.86
0,11.65,7.07
0,25.45,9.88
0,10.87,4.29
0,25.51,1.59
0,9.77,7.3
0,8.53,5.86
0,21.79,5.73
0,19.19,9.8
0,13.22,3.85
0,13.59,3.65
0,16.95,3.76
0,17.52,6.54
0,19.1,5.48
0,21.44,5.39
0,25.12,2.61
0,2.9,1.07
0,6.17,7.94
0,21.15,9.54
0,13.56,1.61
0,21.71,4.91
0,21.05,4.8
0,10.02,9.58
0,11.12,5.84
0,23.95,4.68
0,10.57,1.79
0,10.42,5.45
0,14.01,5.15
0,24.76,6.52
0,4.16,8.25
0,16.13,4.7
0,16.54,3.05
0,0.88,4.11
0,4.55,2.41
0,22.61,9.68
0,24.56,5.85
0,17.6,7.11
0,24.28,1.53
0,5.25,4.68
0,6,1.82
0,17.24,8.47
0,12.23,4.56
0,6.76,8.38
0,18.19,3.62
0,12.99,5.77
0,21.01,9.98
0,5.53,1.18
0,18.27,6.54
0,18.07,3.85
0,8.62,5.99
0,11.48,1.14
0,16.73,8.56
0,12.63,3.45
0,20.79,4.31
0,11.42,3.76
0,2.58,1.41
0,23.57,1.05
0,16.05,4.92
0,13.1,4.65
0,22.72,5.92
0,15.8,9.32
0,0.15,2.59
0,20.1,1.21
0,18.66,5.58
0,22.06,4.73
0,15.52,4.13
0,8.17,4.7
0,23.67,8.15
0,5.96,4.1
0,22.12,7.46
0,22,7.44
0,16.03,2.86
0,13.93,9.6
0,17.45,6.83
0,24.54,2.71
0,22.35,3.16
0,6.26,4.96
0,6.89,2.03
0,5.75,3.95
0,10.71,5.14
0,11.49,3.48
0,9.65,4.98
0,8.78,1.91
0,5.39,3.5
0,24.26,1.28
0,16.76,3.1
0,2.34,2.93
0,13.66,6.53
0,3.3,1.27
0,22.56,7.96
0,16.01,1.93
0,1.08,4.43
0,19.11,6.44
0,5.93,9.04
0,3.83,3.42
0,5.01,2.12
0,14.34,8.67
0,25.42,4.87
0,23.92,5.71
0,17.39,9.11
0,20.43,4.54
0,10.12,3.09
0,1.11,4.41
0,2.6,7.18
0,25.55,9.62
0,20.04,6.06
0,5.46,9.07
0,23.77,4.87
0,15.49,4.74
0,5.92,5.72
0,18.22,1.5
0,8.55,6.79
0,17.9,3.45
0,25.38,7.54
0,16.16,3.57
0,20.92,1.88
0,25.01,5.08
0,13.12,7.63
0,5.6,3.36
0,19.73,2.53
0,21.14,8.46
0,24.85,5.11
0,20.98,2.61
0,10.49,1.73
0,15.57,1.6
0,17.81,9.99
0,6.2,5.28
0,17.53,6.54
0,18.74,4.71
0,21.17,7.67
0,24.7,5.19
0,2.41,5.24
0,12.47,9.49
0,7.09,6.34
0,21.56,5.63
0,13.35,9.68
0,22.72,1.21
0,20.83,4.28
0,0.55,2.27
0,2.42,3.58
0,5.35,6.02
0,22.39,1.81
0,19.77,1.02
0,4.75,2.29
0,8.97,7.93
0,22.5,3.19
0,1.16,5.23
0,6.37,4.62
0,20.03,4.28
0,5.86,4.86
0,5.63,9.65
0,17.69,5.61
0,22.75,6.83
0,4.45,7.23
0,5.45,3.12
0,13.59,2.71
0,10.08,5.47
0,12.36,6.47
0,19.67,9.53
0,0.88,8.43
0,18.04,2.72
0,2.77,7.09
0,9,4.24
0,7.59,2.91
0,18.98,4.98
0,4.31,2.14
0,10.6,9.28
0,5.99,5.21
0,21.55,2.97
0,12.42,7.78
0,12.94,2.79
0,5.01,4.95
0,16.04,1.89
0,23.3,4.43
0,11.45,4.07
0,0.49,4.88
0,6.69,5.66
0,22.26,5.1
0,13.33,4.95
0,22.18,6.2
0,22.31,4.95
0,2.91,2.24
0,10.1,5.07
0,22.71,2.83
0,25.54,2.41
0,0.55,3.4
0,9.07,1.56
0,3.32,8.43
0,20.07,3.88
0,8.76,2.61
0,10.8,3.25
0,23.04,6.72
0,23.7,7.5
0,6.55,5.29
0,10.73,7.67
0,3.47,8.3
0,9.27,3.12
0,5.77,2.48
0,6.23,9.5
0,23.7,6.9
0,6.85,6.26
0,21.78,4.05
0,25.68,6.42
0,2.19,5.43
0,17.44,9.22
0,2.72,9.48
0,2.88,7.51
0,8.85,6.11
0,2.83,8.64
0,9.63,9.26
0,3.73,3.36
0,13.97,4.46
0,0.81,4.98
0,6.11,6.67
0,0.86,3.56
0,24.19,7.39
0,20.23,1.35
0,11.09,5.97
0,20.08,9.3
0,11.48,2.06
0,21.26,1.63
0,14.93,6.33
0,14.37,8.55
0,10.35,1.27
0,10.39,5.26
0,9.95,9.53
0,20.44,6.42
0,0.25,6.47
0,20.28,3.4
0,1.8,6.79
0,10.03,2.97
0,11.06,2.17
0,21.77,6.61
0,2.41,9.9
0,14.5,2.51
0,3.98,5.23
0,14.66,2.11
0,14.93,5.82
0,23.88,2.25
0,1.33,7.88
0,18.75,1.04
0,11.69,4.95
0,25.61,2.91
0,1.96,8.76
0,14.44,4.74
0,1.03,3.26
0,2.55,7.6
0,16.21,5.56
0,0.38,4.23
0,18.29,2.46
0,9.79,8.47
0,18.92,6.78
0,3.55,8.99
0,11.36,5.34
0,15.23,9.88
0,5.31,1.15
0,4.85,3.13
0,6.3,6.07
0,20.08,3.55
0,3.41,1.08
0,13.15,5.24
0,0.93,1.84
0,22.39,1.65
0,22.32,5.94
0,20.27,2.16
0,20.45,9.69
0,8.77,7.11
0,13.19,2.48
0,23.26,7.29
0,19.67,7.64
0,18.56,3.17
0,24.73,6.65
0,21.83,6.82
0,21.13,2.74
0,5.08,8.26
0,22.01,1.22
0,8.99,5.4
0,1.94,1.28
0,18.21,4.1
0,23.52,7.39
0,7.43,4.4
0,2.61,1.86
0,16.01,9.19
0,8.66,1
0,21.03,4.43
0,13.25,6.51
0,4.35,5.89
0,19.14,9.02
0,3.19,4.8
0,8.52,8.1
0,4.35,1.61
0,22.44,9.76
0,5.61,2.8
0,14.74,2.84
0,0.45,1.44
0,3.99,3.12
0,2.62,4.46
0,8.88,6.99
0,0.27,8.91
0,8.36,8.09
0,14.55,7.35
0,21.24,1.35
0,25.34,5.11
0,6.33,2.97
0,9.12,8.07
0,6.34,3.2
0,23.4,2.6
0,14.18,8
0,24.69,4.95
0,0.3,9.73
0,19.54,1.39
0,16.82,2.16
0,13.46,6.49
0,8.32,3.9
0,20.05,1.34
0,24.09,8.16
0,20.7,4.53
0,1.2,5.65
0,17.02,8.51
0,18.71,5.65
0,15.02,1.93
0,17.7,2.76
0,14.55,6.97
0,19.61,6.29
0,18.87,5.97
0,24.77,2.7
0,4.59,9.58
0,14.78,3.39
0,9.89,7.54
0,6.57,7.87
0,5.76,8.68
0,10.78,2.27
0,1.07,3.65
0,13.05,6.9
0,15.63,1.91
0,3.93,9.48
0,4.51,5.35
0,5.15,5.42
0,24.66,3.29
0,21.24,7.43
0,10.53,2.61
0,4.99,2.74
0,6.82,9.87
0,6.11,5.66
0,19.1,7.65
0,1.34,9.19
0,6.21,7
0,9.41,2.92
0,10.66,6.31
0,2.41,8.48
0,1.03,8.65
0,19.21,4.81
0,9.23,4.45
0,6.19,5.64
0,22.31,5.22
0,22.05,3.77
0,24.81,3.07
0,18.15,4.74
0,9.44,7.72
0,6.64,1.06
0,20.31,4.67
0,24.43,9.89
0,16.76,3.02
0,14.98,7.94
0,19.05,6.62
0,3.58,9.87
0,23.85,6.6
0,14.7,1.67
0,19.34,9.76
0,14.6,5.96
0,5.83,8.98
0,8.08,2.7
0,8.43,4.69
0,9.67,4.69
0,16.71,8.2
0,25.95,4.6
0,17.93,5.43
0,1.06,9.07
0,2.11,3.7
0,5.14,7.93
0,1.76,6.83
0,2.99,1.43
0,12.32,4.04
0,3.91,8.42
0,22.12,2.21
0,16.14,6.53
0,16.43,7.26
0,3.07,6.19
0,2.65,9.33
0,1.71,8.73
0,5.85,3.33
0,13.52,4.25
0,0.52,7.67
0,14.44,6.88
0,2.28,8.39
0,25.22,1.23
0,15.23,4.04
0,7.03,4.65
0,18.66,2.35
0,14.34,6.26
0,22.35,8.43
0,22.72,8.99
0,0.33,6.82
0,4.36,9.41
0,15.06,4.6
0,8.06,3.29
0,6.44,9.67
0,15.53,5.44
0,16.77,5.92
0,16.03,1.63
0,15.83,8.46
0,25.75,1.59
0,10.21,4.02
0,9.73,7.48
0,5.76,1.03
0,24.73,1.26
0,8.29,8.13
0,2.75,8.8
0,0.28,3.81
0,1.61,3.89
0,13.99,2.7
0,17.13,2.86
0,0.37,1.8
0,12.88,8.87
0,25.78,7.29
0,15.34,7.29
0,13.71,8.58
0,10.39,4.28
0,11.16,7.98
0,16.44,9.55
0,0.32,7.15
0,17.69,8.9
0,2.37,3.88
0,7.74,6.85
0,1.24,8.94
0,14.14,7.27
0,0.35,3.58
0,4.57,5.27
0,23.87,7.41
0,7.07,3.08
0,11.73,5.91
0,17.5,7.16
0,16.07,6.73
0,9.94,4.25
0,21.52,2
0,17.65,7
0,19.83,6.67
0,4.09,7.22
0,2.6,4.34
0,5.69,1.94
0,19.32,7.31
0,7.13,8
0,19.23,8.8
0,17,9.42
0,22.13,3.8
0,10.66,8.19
0,6.72,7.66
0,8.46,9.15
0,19.2,3.54
0,21.66,9.69
0,0.33,5.53
0,4.51,6.78
0,0.73,5.96
0,18.97,8.79
0,17.11,8.66
0,12.75,3.82
0,1.19,7.84
0,7.49,7.48
0,5.22,2.88
0,4.45,9
0,11.25,5.68
0,18.25,6.82
0,20.82,1.68
0,5.56,4.89
0,4.3,4.21
0,19.64,2.76
0,23.98,6
0,24.19,1.54
0,19.83,3.63
0,0.86,4.07
0,4.44,8.93
0,21.98,5.3
0,20.81,4.13
0,7.43,9.86
0,10.06,1.15
0,17.6,6.14
0,23.61,4.54
0,4.27,7.55
0,4,7.18
0,10.88,8.44
0,20.96,2.62
0,5.19,1.73
0,22.8,5.79
0,13.02,7.74
0,0.29,8.35
0,8.42,1.72
0,14.19,2.25
0,17.88,1.36
0,23.64,7.86
0,12.88,8.08
0,1.01,3.68
0,16.42,6.2
0,13.17,2.76
0,23.87,3.12
0,22.37,1.31
0,19.68,4.4
0,16.73,9.16
0,19.62,2.19
0,18.2,7.14
0,16.45,8.3
0,8.64,4.27
0,6.53,9.76
0,11.75,9.83
0,19.88,1.04
0,23.26,6.56
0,18.77,1.83
0,7.02,8.45
0,13.05,1.5
0,12.73,9.05
0,0.68,4.28
0,16.3,2.35
0,20.63,3.98
1,20.62,6.63
1,3.84,3.76
1,14.88,4.94
1,5.68,4.66
1,23.27,4.42
1,8.77,2.62
1,18.93,1.32
1,7.12,7.55
1,15.89,6.51
1,4.95,9.43
1,9.85,1.53
1,17.04,1.58
1,12.84,7.38
1,6.78,9.3
1,24.22,2.97
1,13.96,6.33
1,12.8,1.32
1,16.41,7.44
1,22.91,4.71
1,11.98,3.17
1,6.31,3.68
1,9.63,4.21
1,22.74,6.18
1,23.8,8.86
1,16.82,9.93
1,14.18,3.67
1,23.49,9.76
1,3.97,4.48
1,0.29,1.12
1,16.49,7.44
1,9.44,4.55
1,0.78,2.65
1,12.87,2.88
1,7.92,2.38
1,2.18,7.13
1,12.28,4.93
1,9.46,1.38
1,8.08,8.42
1,18.82,3.97
1,10.98,1.69
1,16.5,9.02
1,12.59,2.54
1,1.25,8.74
1,0.29,8.89
1,22.17,1.8
1,13.37,2.63
1,3.92,5.3
1,4.23,1.78
1,3.19,5.7
1,5.3,3.41
1,17.45,6.85
1,16.88,1.96
1,0.11,1.16
1,4.5,9.79
1,2.49,7.68
1,21.71,6.33
1,18.85,1.49
1,10.77,4.27
1,14.89,1.71
1,8.69,9.4
1,14.59,7.62
1,17.5,3.3
1,8.05,7.2
1,17.67,9.56
1,17.25,1.55
1,18.4,2.15
1,17.51,1.86
1,25.53,2.2
1,15.13,2.54
1,12.24,1.38
1,16.05,4.85
1,3.71,9.11
1,0.41,6.8
1,13.27,1.81
1,17.71,1.99
1,5.44,7.59
1,17.58,4.44
1,2.75,9.37
1,11.8,7.74
1,25.98,2.36
1,20.26,2.29
1,8.66,2.44
1,8.15,7.33
1,23.19,5.77
1,14.73,4.25
1,7.6,2.66
1,11.33,7.3
1,4.16,3.35
1,20.56,1.74
1,16.98,6.62
1,19.32,5.48
1,10.43,6.19
1,23.82,1.4
1,20.36,9.68
1,15.76,6.15
1,23.03,9.13
1,4.21,2.95
1,23.05,1.37
1,6.58,6.85
1,11.98,8.76
1,0.13,5.86
1,7.71,4.36
1,2.06,6.68
1,13.83,2.05
1,24.6,6.49
1,17.41,7.03
1,18.36,7.24
1,4.21,4.92
1,2.07,9.47
1,11.42,1.53
1,13.95,6.26
1,20.52,5.89
1,13.26,4.48
1,1.94,8.1
1,6.33,6.09
1,24.43,3.74
1,18.33,4.07
1,9.09,9.87
1,5.07,3.81
1,19.68,1.22
1,25.5,1.01
1,2.02,8.52
1,9.95,6.78
1,10.77,1.39
1,13.85,4.73
1,3.82,9.53
1,14.94,3.27
1,22.41,5.78
1,5.34,5.64
1,4.22,4.2
1,2.11,7.02
1,18.08,2.79
1,2.55,3.07
1,13.99,1.82
1,17.45,4.04
1,5.06,9.68
1,12.79,3.3
1,6.56,7.64
1,6.09,2.68
1,21.35,4.76
1,15.85,2.17
1,12.34,9.7
1,3.63,3.95
1,2.86,9.5
1,3.42,6.11
1,24.94,9.87
1,3.96,8.16
1,6.09,8.27
1,6.69,6.96
1,24.32,7.68
1,13.03,3.47
1,22.82,3.72
1,6.81,9.13
1,5.28,2.61
1,9.17,7.4
1,18.24,7.95
1,24.19,4.48
1,19.18,8.56
1,18.05,5.67
1,13.27,8.51
1,1.13,7.98
1,7.62,5.91
1,6.49,3.31
1,12.01,2.87
1,23.93,7.12
1,20.51,7.2
1,4.32,3.38
1,19.97,5.19
1,6.96,5.76
1,8.87,9.09
1,23.72,6.96
1,25.18,6.35
1,1.5,5.67
1,18.03,2.97
1,11.97,9.66
1,7.16,7.44
1,10.92,3.44
1,25.27,6.67
1,1.65,3.46
1,25.63,4.9
1,9.04,4.27
1,7.8,2.78
1,15.24,8.12
1,12.72,6.07
1,18.69,4.07
1,24.11,6.51
1,7.41,4.8
1,3.27,7.14
1,21.48,5.1
1,15.81,3.99
1,14.22,3.37
1,18.64,9.35
1,19.55,9.05
1,1.49,1.61
1,12.77,9.64
1,21.02,6.53
1,18.77,3.43
1,14.45,8.31
1,2.94,2.38
1,18.8,5.56
