"ID","bookValue","ftes","days"
82884,242.61,14,4
25064,642.99,11,4
81235,628.53,8,3
71769,431.87,11,3
55080,620.88,12,3
93224,501.76,12,5
24331,466.01,10,3
81460,295.2,14,3
14608,216.48,11,4
79064,243.43,9,2
6227,296.26,5,4
59109,341.64,13,2
81527,203.02,10,4
27240,520.5,10,3
76073,469.93,13,3
83056,543.04,12,3
46163,511.62,12,4
85963,364.09,13,2
92464,76.76,12,3
15611,450.56,10,3
76619,582.6,5,4
91370,232.67,12,4
56015,266.26,10,3
91470,307.29,20,9
50826,331.03,7,3
40298,239.04,9,4
94886,139.78,11,4
29777,560.23,14,4
58849,274.26,10,3
38504,586.05,11,4
83557,507.34,10,4
19996,319.9,7,4
70799,270.42,9,3
1541,461.89,9,5
55337,233.01,10,4
80125,118.58,13,4
43450,508.55,12,3
57172,329.3,10,3
13432,401.56,10,3
58014,283.07,0,9
50149,416.73,12,3
42594,170.6,9,3
1171,398.36,9,3
15101,475.22,0,10
32267,318.45,12,3
25529,464.7,10,2
53784,325.19,12,4
45437,347.94,0,9
28052,490.93,9,4
78968,355.26,11,4
37026,224.76,7,2
33829,134.16,14,5
80645,677.88,15,4
81087,379.26,9,4
86073,874.46,8,3
95532,444.61,12,4
91184,229.78,10,3
45608,328.06,0,4
88748,154.76,10,3
70084,377.41,12,3
54483,328.32,10,4
73456,364.05,8,3
51272,248.4,11,3
81126,623.94,6,3
74733,509.36,14,3
79628,310.14,11,3
36891,469.94,0,4
48057,415.06,11,3
63992,577.14,9,3
38884,295.41,12,4
27566,481.44,8,3
38968,635.28,7,5
90160,205.69,11,3
44016,600.75,9,3
73993,493.26,10,4
45510,709.82,10,3
28956,462.28,9,3
23467,151.91,9,4
69335,394.16,10,3
24286,561.26,13,4
18890,511.56,6,2
27241,219.76,0,9
66252,200.33,11,2
24903,170.47,13,3
4437,758.71,10,5
20141,496.93,11,3
82532,540.99,11,5
24307,425.56,9,3
31740,735.45,13,3
90333,241.17,13,3
7224,354.76,12,4
75133,355.16,14,3
81148,106.24,12,4
19742,280.37,7,3
15009,415.6,9,4
9928,448.69,7,3
61593,376.3,9,2
55002,328.13,9,4
50415,646.35,10,4
61924,311.01,8,3
64282,172.65,11,3
42657,496.02,9,3
26909,336.37,15,4
50144,157.35,12,3
57542,291.96,13,3
88261,266.66,11,3
66000,456.5,14,4
9756,123.57,9,3
32748,194.02,9,5
4756,295.96,14,3
96196,206.19,9,3
63432,339.44,10,3
12128,362.93,9,3
5748,292.05,9,4
4225,268.65,10,3
14573,221.1,12,3
2548,849.38,10,3
59254,353.26,9,4
66939,714.26,14,3
8083,332.17,10,3
63904,197.73,10,2
41110,304.41,10,2
37985,562.09,12,3
46093,243.42,10,3
67389,283.38,10,2
25996,434.05,9,2
71325,306.78,9,4
13081,734.93,10,3
98356,511.04,9,4
95222,496.15,12,2
18668,255.8,6,3
99691,134.23,11,3
15769,186.81,6,3
27117,914.95,10,3
85452,370.07,9,3
45746,440.72,9,4
79417,335.71,10,4
26141,471.03,6,3
84329,122.99,13,4
93820,845.91,6,3
58999,568.6,9,4
68676,612.46,7,4
75053,157.54,8,3
72372,247.97,15,3
64061,129.32,10,5
90183,333.28,7,3
72906,677.62,6,3
59426,221.35,11,4
90102,586.57,10,3
13574,346.87,9,2
9567,429.25,8,4
54452,226.49,7,4
63777,552.83,8,3
44198,765.11,13,4
36290,179.22,9,3
70010,185.75,7,4
46379,264.2,15,3
54435,430.78,11,3
60607,737.27,10,3
97972,709.76,13,4
71729,290.83,12,3
76263,701.99,9,5
25808,284.98,0,3
38561,458.6,10,3
71358,347.5,7,3
37626,544.69,10,3
76571,356.94,11,4
26061,178.95,0,4
9202,140.59,11,4
36834,603.64,11,2
92003,130.41,10,4
89026,154.8,9,4
32752,112.07,10,4
82533,100.85,12,1
75329,404.07,15,4
27801,314.65,13,3
22515,167.07,13,3
86915,323.47,7,3
68646,114.08,13,3
14029,891.3,11,3
27597,124.01,7,3
27070,699.51,12,4
96080,449.07,10,3
39411,739.46,14,4
62693,302.92,8,3
93367,585.26,9,4
29395,349,8,3
66392,186.07,10,1
89893,393.06,11,3
30948,204.91,8,3
36460,173.51,12,4
70378,255.5,7,4
45187,331.27,8,4
60975,566.94,14,3
11666,375.95,8,4
84963,430.32,11,3
34540,337.09,9,3
37012,570.3,11,3
42629,365.47,14,4
89813,334.73,14,3
96029,465.35,9,5
16596,423.61,15,10
88668,274.96,0,3
96988,460.54,12,3
15553,169.95,12,3
93529,528.79,10,3
96963,745.64,0,8
53255,402.35,10,3
68667,275.47,11,4
61451,102.73,9,4
52190,196.26,7,3
25063,740.99,13,4
40051,271.97,14,3
25379,1021.07,10,3
75428,379.8,7,3
55391,593.38,12,4
47821,52.75,10,4
11890,296.31,6,3
61802,543.23,10,4
4260,428.45,9,2
46828,277.91,9,3
15082,452.66,7,4
66403,422.53,15,4
10375,746.81,9,4
93255,312.5,6,3
58949,549.16,11,4
49529,435.84,11,3
51581,563.31,8,3
56655,280.82,3,3
6333,93.44,9,3
21256,134.03,12,3
15340,460.4,10,3
14642,231.78,10,5
91946,551.5,12,3
98624,340.6,7,3
55672,327.11,13,3
6152,181.49,10,4
94223,811.7,12,3
41466,301.48,13,4
92819,690.08,11,3
91732,365.69,8,3
89008,464.16,13,3
45233,184.57,5,3
63863,710.14,9,3
48325,270.19,10,2
74299,417.48,10,3
83880,697.3,13,4
20102,291.07,11,4
90733,327.73,11,3
39563,123.96,10,3
53984,637.45,10,2
78992,686.1,12,3
50083,519.01,13,4
85522,87.6,4,3
30200,705.99,12,4
71218,563.83,11,3
33418,300.76,9,2
43806,207.02,13,3
69881,589.3,9,2
14001,524.19,10,3
63859,411.31,12,4
66981,392.81,15,3
54284,209.97,11,3
92751,500.51,9,3
37216,549.49,7,4
86872,350.82,9,4
84630,287.19,8,4
57075,247.89,10,4
96292,179.32,11,3
82033,352.75,8,4
52048,316.01,0,4
96619,136.05,11,4
72845,398.17,13,4
39632,378.47,5,4
38505,192.99,12,3
44027,680.05,7,3
88999,488.17,13,4
61175,424.69,11,4
99647,314.86,9,4
45174,462.58,14,4
20770,336.12,9,4
92032,321.49,9,3
77471,180.95,8,3
81701,33.02,9,3
89577,459.1,13,3
92246,571.86,11,3
80079,387.93,13,4
18406,111.52,9,4
22629,488.41,0,9
4913,464.32,11,3
74963,251.08,0,9
298,102.11,15,3
38060,403.92,11,3
289,212.95,12,2
64172,556.46,13,3
8178,440.51,10,3
11643,634.05,10,3
53237,170.1,12,3
27495,320.01,8,3
86093,326.17,15,4
61726,588.81,9,3
94296,198.59,14,3
34347,472.19,14,3
46071,460.2,10,3
59363,542.45,12,3
11569,1025.03,8,4
95190,317.09,11,3
85801,214.69,13,2
67608,462.74,11,4
89612,337.21,9,4
71865,409.71,9,4
49209,329.69,10,3
30386,117.64,13,4
10314,358.47,9,3
18614,229,10,2
59725,280.84,7,4
91495,794.48,12,3
64380,246.28,14,5
52870,717.78,14,4
20600,88.87,12,4
71099,284.77,6,5
65954,372.12,11,4
27159,656.87,11,3
56338,465.67,9,2
57791,376,11,4
72525,541.93,8,3
58378,94.17,12,4
55575,261.4,9,3
68330,645.87,6,3
30774,508.26,9,4
70645,387.18,14,3
58628,595.9,9,5
73222,352.6,0,9
59766,173.76,13,3
9782,337.93,10,3
56391,422.66,9,4
36694,282.38,9,4
8400,601.52,12,3
63311,227.84,8,3
92584,450,11,4
71552,122.09,10,3
81109,415.4,5,4
10991,133.92,7,3
15197,536.77,13,4
79622,345.21,10,4
36202,328.99,12,3
81428,273.54,15,4
75648,629.78,14,3
73011,513.16,12,4
13682,441.66,11,3
21337,272.84,10,4
94854,141.08,14,3
81354,961.28,12,4
68114,246.06,7,4
27934,749.38,10,3
15476,451.78,5,3
40165,880.81,10,3
20711,610.88,4,4
9908,793.99,14,4
89437,98.15,9,3
41949,470.27,9,4
14846,350.91,10,5
81920,404.21,12,3
47681,230.39,12,3
85828,488.64,12,4
54879,332.72,9,4
47856,214.39,7,3
65018,309.25,9,3
89784,437.34,11,2
46846,648.38,8,3
94414,146.78,10,3
29133,597.44,7,3
44851,241.15,10,2
14869,344.8,11,4
15477,323.31,10,4
60335,259.89,10,3
58735,620.96,15,3
33907,475.63,12,3
26208,368.94,13,3
23831,769.89,8,3
45361,125.35,11,4
63599,452.91,13,3
48076,175.71,10,4
64482,303.6,5,4
97391,371.09,11,2
7650,1425.79,6,3
50787,173.28,8,4
82196,211.76,14,3
61608,418.06,12,3
39060,205.69,13,4
58573,445.84,11,3
75887,739,10,4
3255,98.05,8,3
18490,560.09,14,4
91293,711.72,10,4
11499,140.3,8,3
71803,624.7,12,4
93179,257.14,13,4
51975,533.01,15,4
43184,497.5,9,4
66664,246.01,9,4
48165,394.65,9,4
13744,275.44,9,3
69291,208.33,9,4
96007,608.06,10,3
57606,225.65,14,3
78215,350.77,9,3
88288,307.69,9,3
35386,341.13,12,3
12108,366.56,13,3
497,640.18,8,3
4916,190.5,9,3
49031,377.31,12,3
79697,162.48,13,3
80186,190.48,10,3
26163,270.58,0,8
56884,332.54,15,3
94766,409.05,14,3
3922,630.86,9,3
48687,471.73,10,3
25839,294.92,6,5
83951,288.15,12,3
89999,452.66,14,4
74959,353.49,6,3
71462,640.12,8,3
10332,337.79,9,3
53456,258.6,9,3
27966,59.28,5,4
73223,683.8,12,3
24835,237,6,3
24435,172.2,10,3
57981,314.5,12,4
51139,224.72,10,3
16910,446.6,12,3
96819,353.52,10,3
45851,478.83,9,3
11649,505.37,12,4
76607,523.32,9,4
21170,553.99,15,4
985,633.92,10,4
8981,324.92,12,3
8911,585.23,11,4
32859,305.23,3,4
12474,198.08,7,4
66597,538.73,9,4
75957,188.71,11,4
89380,191.06,4,3
14071,267.99,13,3
52055,879.91,9,3
39908,831.31,8,3
82102,1020.22,6,4
16688,271.87,7,4
20760,734.29,10,4
51418,447.31,12,4
87838,533.69,5,3
25823,323.42,8,3
74280,132,12,4
43525,222.1,9,3
77773,278.95,0,10
38801,659.33,13,5
51855,690.06,12,3
26364,740.25,10,4
65768,480.89,11,4
71795,105.46,9,3
6641,687.51,12,3
12836,455.82,14,3
67846,458.78,13,4
55650,324.9,8,3
25886,478.13,6,3
37508,249.83,10,2
84375,824.66,11,3
55273,392.71,14,4
16466,381.43,7,3
44650,414.99,11,3
66018,281.64,11,4
68700,281.83,13,2
38699,275.22,10,4
72120,68.63,9,3
71824,305.14,7,2
81037,456.27,9,3
56520,350.92,9,3
80465,257.83,0,3
9237,757.69,0,3
89934,490.9,10,3
43022,174.36,8,4
79093,635.85,5,3
71864,201.07,12,3
50811,651.35,8,4
14139,157.98,0,4
92979,469.99,8,3
19346,301.26,11,4
55315,117.59,0,3
2651,297.53,8,3
80824,442.44,11,3
75125,191.51,8,3
11313,678.04,11,4
8847,397.11,8,4
11992,482.04,10,3
7447,240.33,10,2
65509,343.22,7,4
82615,629.43,10,3
67148,341.15,13,4
52658,292.07,14,5
83955,751.95,7,4
74317,399.16,10,3
53945,846.85,13,3
23583,511.29,8,3
16965,190.5,4,4
14240,414.66,8,3
29764,556.48,8,3
89039,210.01,10,3
6184,131.65,9,4
41120,292.27,11,3
56756,348.08,9,4
31163,363.46,11,3
66583,879.54,9,3
11813,166.92,13,3
47388,167.64,8,2
75550,130.53,11,3
31735,423.04,8,3
2671,195.74,11,4
78747,226.28,10,4
34822,150.43,6,2
12052,580.69,10,3
46204,161.63,13,2
40066,265.3,12,4
51481,179.01,11,5
64873,164.95,7,4
65750,552.5,13,3
4838,701.64,10,4
89253,182.37,9,3
25274,415.86,14,4
66816,239.39,8,3
71707,222.87,11,4
89333,362.28,13,4
61005,233.97,12,3
77046,466.99,10,5
77814,483.28,9,3
84536,295.35,0,9
23685,424.56,12,5
59702,294.28,10,3
63010,347.38,14,3
77143,189.49,10,5
84382,123.04,9,3
49578,369.35,12,3
84305,298.29,5,3
2713,704.91,11,3
43798,634.64,12,3
33807,306.96,10,3
4354,350.72,7,3
6514,530.06,9,4
59894,557.4,14,4
32737,297.55,8,3
44391,374.93,4,3
78582,585.05,12,3
47150,447.53,9,4
87955,219.45,9,3
74243,239.7,7,3
86130,191.28,10,3
97331,227.75,12,4
61936,530.25,9,4
170,450.12,9,4
61455,286.77,13,3
93363,325.59,10,3
44286,179.46,10,3
8259,560.26,9,4
80260,176.39,13,4
64644,544.46,8,3
94368,313.83,12,4
41278,310.98,12,4
39445,406.17,9,4
14776,591.46,12,3
77815,190.37,13,3
88214,214.61,12,4
32406,606.48,15,3
87681,333.62,5,4
38434,209.67,7,4
83566,296.99,7,3
5712,833.33,11,4
90124,563.22,14,3
33331,298.55,14,4
35124,236.8,11,3
98319,579.4,12,4
6993,809.95,10,3
97037,553.69,11,4
16836,571.22,11,3
83304,759.15,8,3
41417,251.22,10,4
16689,630.99,10,4
63201,376.79,14,3
60591,172.81,8,4
27210,26.3,5,3
8369,545.34,12,3
32309,665.25,8,3
30750,338.36,9,4
11502,147.89,13,4
93226,376.55,8,3
91073,281.47,9,3
20229,490.44,14,4
65392,501.74,12,3
64917,103.37,12,4
72544,427.06,10,3
77057,536.63,7,4
94050,144.77,7,4
19938,544.16,10,3
27905,868.59,15,4
61083,173.17,11,4
54696,333.92,11,4
80570,542.07,11,2
7851,407.09,9,4
27452,322.19,7,2
25648,183.91,0,3
52317,177.37,9,3
81774,32.81,10,3
65398,534.57,6,3
140,347.78,10,3
58475,169.9,10,3
80241,274.84,10,3
5388,607.6,6,2
56532,268.9,15,4
57047,419.24,15,3
75453,499.18,12,4
99538,486.18,8,3
73468,930.16,12,2
51619,274.09,10,3
97070,909.19,9,4
82635,296.29,14,4
24203,365.32,7,4
53181,385.2,9,4
29639,381.79,8,3
99263,152.78,10,3
18662,463.94,6,4
75034,406.42,9,4
92541,244.31,12,4
8709,767.78,11,4
98761,564.8,8,4
61629,252.48,12,3
11783,238.21,4,4
42800,893.41,9,5
45342,408.83,12,3
58370,182.14,9,4
82311,165.89,10,3
15871,69.81,6,3
67362,590.27,12,3
99218,693.17,6,3
40763,800.81,9,5
7353,388.45,20,9
12379,209.45,10,3
58576,79.7,8,5
21842,117.59,15,3
38054,484.27,7,3
96911,652.39,11,3
80986,248.38,3,3
35553,221.38,10,4
85834,665.15,12,3
11067,140.44,8,4
21849,514.78,12,3
86118,558.87,11,3
64847,217.14,13,3
47485,773.14,8,2
10080,530.24,8,3
32500,118.29,6,4
21503,104.32,9,4
32486,354.77,7,3
37356,80.09,12,4
60285,417.2,10,3
81863,243.14,0,4
31451,622.51,0,9
20499,305.3,13,3
82675,383.78,9,4
36859,542.31,7,4
37946,412.46,12,3
13600,284.76,7,4
50338,346.82,8,3
79219,338.41,8,3
82901,428.55,11,3
85062,302.78,8,4
85096,194.3,13,3
20237,669.75,7,4
77798,392.84,11,4
75644,300.11,11,3
98531,159.5,8,5
86512,484.48,9,2
90641,347.52,9,3
40164,400.55,13,4
92723,345.42,14,3
53797,258.49,8,4
45225,284.03,13,4
59806,401.22,10,3
67855,171.99,5,3
71778,289.24,8,3
14668,484.19,11,3
52164,395.91,11,4
66059,496.61,4,3
31283,196.44,12,3
62034,540.66,12,4
44249,389.97,10,2
98713,384.1,9,2
64305,319.68,15,4
29683,239.26,10,3
65772,538.94,10,3
52061,309.69,7,4
82570,808.04,7,3
25087,501.51,6,4
21900,919,9,3
7246,418.32,14,5
99626,170.01,15,4
27474,204.7,14,4
47524,186.95,13,4
66386,602.31,10,4
79101,832.79,7,4
21572,449.83,9,4
87348,92.06,4,2
52227,318.59,9,3
99012,313.75,14,4
12815,873.43,11,3
23123,361.01,13,3
49492,142.41,11,4
64893,234.73,8,3
821,342.25,15,3
18869,280.47,10,3
85841,395.38,8,2
34745,197.08,10,3
1000,298.96,6,4
53534,898.06,12,3
88247,263.74,12,4
1570,321.75,9,4
34803,328.56,9,4
30890,260.9,13,2
12934,325.3,8,3
4782,311.33,8,4
43722,430.65,11,3
78151,268.18,9,4
2309,135.77,13,3
78676,346.28,10,4
60115,252.19,13,3
80847,717.5,12,4
89778,440.48,5,3
72671,533.56,7,3
96915,193.65,13,5
69257,649.24,12,3
4238,224.08,8,5
91066,424.74,7,4
65857,450.87,13,4
49650,831.95,8,4
34265,362.2,15,3
60942,442.12,15,5
79897,364.13,7,5
85033,264.85,8,3
74909,240.84,7,3
81641,374.63,12,3
4261,214.07,7,3
66560,331.95,5,3
19191,487.99,15,4
11458,265.53,13,3
11563,263.08,0,7
10453,573.74,9,3
17810,373.01,10,3
38157,293.84,12,4
36468,577.92,7,3
1537,505.61,10,3
72848,230.8,11,4
17332,594.54,14,4
8844,588.93,12,3
54116,206.05,13,3
30584,128.66,11,2
33030,108.06,8,4
64154,398.42,9,2
53743,302.28,6,3
82035,561.65,13,4
47596,256.13,14,3
8596,50.53,10,4
70053,131.18,8,4
88171,310.22,13,3
40251,248.1,0,9
92923,247.89,9,4
20171,834.56,13,3
35085,291.58,8,4
82046,569.21,0,8
77711,407.33,8,4
96036,154.92,11,3
16970,240.74,12,3
10872,148.02,7,3
91364,244.35,11,3
52619,279.44,10,4
74,394.25,12,4
52541,369.01,8,4
99493,51.78,10,3
60604,307.86,14,3
89715,112.19,11,3
75768,348.81,12,3
1666,372.59,10,5
44800,262.55,8,3
76865,198.12,10,4
72660,366.19,7,3
91424,426.3,4,4
73255,858.29,13,3
44256,378.99,8,4
52805,357.9,6,3
99551,393.05,13,3
5861,186.49,10,4
48334,256.34,9,3
91330,304.58,10,3
54656,544.05,9,3
16926,200.33,13,5
5981,280.11,12,4
43782,217.69,6,3
81225,593.87,11,4
64474,220.13,12,4
44946,500,12,3
13118,505.56,4,4
57201,513.07,10,3
82711,288.93,15,4
78958,381.27,12,3
85353,528.35,6,4
73654,213.41,6,4
96857,772.72,11,3
45922,1225.78,10,4
64972,321.55,13,2
26564,509.35,11,3
56212,324.15,10,4
28770,490.86,11,3
27840,289.27,11,2
38298,243.16,7,3
26230,379.97,0,3
7995,251.2,7,3
21123,381.48,10,2
80057,762.64,9,4
65236,495.7,15,4
19678,289.67,13,4
28971,558.38,9,4
44332,221.27,11,4
53865,145.17,13,4
65845,170.16,0,4
41934,323.23,11,3
31773,385.19,8,3
60224,429.84,8,3
43352,188.72,15,3
25008,448.07,5,5
4405,214.27,0,3
30468,363.95,10,4
84419,494.53,9,3
92415,415.47,11,3
43678,459.47,13,3
59653,136.74,11,4
35768,194.38,5,3
41446,268.29,11,3
77094,221.34,11,4
46978,331.63,12,4
35269,281.84,8,4
61512,253.93,4,4
20020,496.52,9,4
93299,493.66,8,3
7518,220.96,8,4
76535,235.24,8,3
85271,644.05,9,4
26870,346.21,9,3
56748,205.85,12,3
26683,520.86,13,4
9542,785.95,8,3
49711,458.6,10,3
56806,189.24,11,4
11134,652.28,14,4
84625,233.69,10,3
50246,635.91,6,3
1469,72.57,11,4
83339,614.68,10,3
24950,514.57,15,3
19358,264.62,11,4
9058,365.38,9,4
7018,354.82,9,4
55847,322.88,9,4
57963,87.18,11,4
26435,415.96,11,4
82047,249.68,13,3
98127,306.91,11,4
29361,276.32,9,4
54916,325.65,8,3
14903,321.95,12,3
32959,229.87,10,2
99169,393.38,11,2
72282,106.33,13,4
33249,428.24,15,4
47761,452.95,8,4
86504,307,14,4
85328,449.07,8,3
93477,692.36,11,4
7048,559.26,11,4
63176,621.95,10,3
51952,291.01,14,4
16196,198.23,9,4
81844,324.44,12,3
94753,1171.55,10,3
14689,249.24,8,4
28012,468.85,13,3
96141,370.65,5,4
36965,247.12,0,9
10698,845.48,6,4
4447,219.46,11,3
1730,449.87,11,3
80910,449.2,7,3
98110,617.6,12,3
25837,175.87,8,2
71277,294.71,12,4
51617,276.16,11,3
89310,110.63,12,3
42638,193.54,8,3
64505,802.25,11,4
68796,921.52,9,4
98670,51.51,7,3
67506,314.29,11,3
84412,270.1,15,4
3976,660.59,9,3
37042,115.68,10,3
83355,456.1,12,3
39231,381.7,10,4
63335,377.3,15,3
65991,245.8,12,4
75063,629.91,0,4
76413,297.65,11,4
73208,370.28,7,3
19706,672.47,11,4
12566,287.61,8,3
47001,380.91,8,3
93879,339.84,10,3
8532,169.98,0,10
43451,230.42,11,5
282,272.42,12,4
38549,336.55,13,3
85674,257.82,10,3
28025,429.14,4,4
84650,256.54,12,4
76950,341.77,0,3
24081,372.59,10,4
42381,446.03,7,3
46994,297.62,9,3
25683,276.45,8,4
12426,940.11,10,2
68039,684.79,12,4
9621,429.21,12,3
31073,227.41,11,3
84051,321.9,8,3
30725,661.82,12,3
16040,268.28,14,4
96150,570.49,0,4
54895,900.56,9,2
40300,639.17,11,3
93512,206.16,13,3
48821,363.4,10,4
8764,734.96,12,4
7726,172.23,11,3
46089,147.54,10,4
42099,337.06,11,3
38589,197.84,13,3
72049,626.8,11,4
99419,668.93,9,3
72110,383.7,5,2
47870,217.84,8,3
89798,208.03,10,4
72963,246.9,15,8
70217,492.51,0,5
13843,740.28,7,3
28827,190.98,7,3
13670,181.17,14,3
52741,409.8,5,3
78244,476.55,12,4
90069,361.57,9,3
2246,329.57,11,4
29132,320.19,12,3
41089,865.53,8,3
11929,850.14,9,2
64369,382.49,3,3
12210,330.11,8,4
55241,240.11,11,3
44212,680.94,12,4
31284,430.48,15,4
87015,589.5,10,4
96607,344.95,11,3
90112,438.46,10,4
86428,447.56,9,4
91097,235.45,12,3
56074,236.16,11,4
65353,486.48,11,2
8487,249.57,8,3
43520,416.75,10,3
35188,639.54,12,4
34406,193.47,12,3
10177,363.21,9,4
43165,182.34,9,4
28211,198.7,12,4
96173,150.87,13,4
47424,469.18,11,3
80898,258.31,9,3
95729,686.46,8,3
74788,347.1,9,4
48630,678.42,7,3
64492,232.65,9,3
83022,144.35,13,3
42875,553.65,13,2
44125,203.92,8,4
26298,339.16,11,4
12316,149.46,10,4
34207,240.75,6,5
94083,112.01,12,3
31860,437.3,6,4
47602,203.09,7,3
70237,306.96,13,3
45429,489.34,9,3
97578,754.48,10,3
92166,566.01,6,4
51060,376.7,7,3
3400,239.69,11,3
66191,342.88,10,4
83116,296.45,9,4
55369,253.77,7,4
54150,212.34,8,3
50755,618.24,15,3
37504,172.7,9,3
51851,550.07,12,4
49224,275.39,12,2
99239,114.21,12,5
12753,388.51,11,4
48861,308.96,7,2
96096,161.11,8,3
38737,237.09,12,2
35682,212.03,7,4
53095,823.83,12,2
67675,231.67,9,3
13270,589.24,9,3
32164,405.54,8,3
83189,199.8,10,3
89942,322.38,12,4
27714,183.23,11,4
79440,299.11,10,2
54637,163.46,12,3
4105,575.45,14,3
11808,397.04,10,3
77534,589.52,11,4
31316,335.82,11,2
344,363.88,8,4
73209,116.22,8,3
95008,158.96,15,3
83468,571.3,12,4
60087,485.97,12,3
566,147.87,11,3
35529,242.01,11,4
86438,758.85,11,3
44673,523.2,10,4
23308,334.29,11,4
59197,796.94,8,4
63278,287.82,0,4
30309,368.94,12,3
6407,501.45,0,8
30614,699.22,13,4
66675,384.27,9,3
14931,299.14,15,3
29154,220.47,9,3
54677,199.77,4,3
80551,755.28,14,3
4034,96.66,13,3
5055,236.28,8,2
72449,183.76,7,3
90462,263.64,6,2
99993,732.09,10,3
36766,279.94,6,3
36214,363.79,8,4
47500,583.33,11,3
37569,633.59,12,4
8499,631.06,8,3
28821,557.13,10,2
29288,414.35,11,3
79901,789.97,15,4
83494,836.53,8,3
57043,642.68,6,4
38336,310.11,6,3
78091,489.4,12,4
31315,403.34,10,4
98581,254.58,12,3
60808,226.89,10,3
5401,553.58,11,2
65319,502.54,0,9
68732,357.02,10,4
42298,876.9,9,5
84835,335.27,13,3
89962,341.75,9,2
54299,380.65,12,4
57490,667.23,11,3
70874,303.71,15,3
16111,540.11,12,4
77111,650.75,9,4
33799,177.53,10,4
25693,360.27,10,3
56565,397.74,5,3
9311,373.59,14,4
92681,257.03,13,3
7398,192.97,8,3
45531,485.94,11,3
85233,686.1,11,3
30832,300.46,7,3
11161,688.87,14,4
52815,615.21,10,3
58533,372.23,11,3
78519,367.62,11,3
18923,527.82,8,4
47887,304.5,8,3
65066,301.97,10,4
56209,441.31,12,3
50725,1073.76,10,4
79838,412.33,12,3
23211,127.29,11,3
33036,555.8,12,4
69483,249.75,7,3
28178,367.64,12,4
11365,470.19,8,3
63557,268.12,9,3
17563,248.48,10,4
25171,399.75,6,3
16350,581.88,10,4
96557,610.25,9,4
87123,510.38,8,4
72856,375.16,9,4
20584,215.33,13,3
68319,324.51,7,4
39852,278.56,10,3
17785,112.01,4,3
63552,645.7,9,3
42553,371.73,9,2
11786,280.46,14,3
82263,240.65,8,3
84986,200.18,8,5
18123,340.45,7,4
38019,537.14,11,4
32321,196.09,13,3
40901,751.75,7,4
69294,174.61,9,3
79238,642.84,14,4
27835,330.91,9,3
38970,685.84,12,5
17506,156.15,11,4
5458,160.21,7,4
69174,178.04,13,3
91093,307.38,12,3
67749,333.07,0,9
85213,321.78,8,3
85385,275.95,9,3
72705,420.45,12,4
14649,857.37,9,4
14979,169.77,0,10
22843,716.26,10,4
37412,306.66,12,4
27232,306.77,7,3
30188,766.24,10,4
4919,584.12,7,3
24395,737.85,11,3
92950,731.55,10,4
43276,357.75,10,3
97993,571.17,9,3
28985,468.57,9,3
36275,321.01,12,3
36616,439.7,11,3
53723,550.32,10,4
28583,159.94,2,4
77743,402.29,7,4
32125,262.23,12,3
59189,186.49,9,4
64189,289.17,7,3
32602,159.95,9,5
50193,411.34,9,5
38541,516.02,9,4
32596,446.84,12,3
39619,747.26,14,4
5020,369.43,13,4
50870,189.31,13,3
66795,408.66,9,4
52861,107.99,12,3
54233,319,8,3
76926,731.92,10,4
49116,548.26,0,4
92595,719.44,10,3
99765,536.56,10,3
14733,257.71,9,3
10345,294.04,12,3
63430,387.55,0,4
3966,647.76,11,3
43963,375.89,10,5
2038,701.22,15,4
95137,324.5,8,4
3804,646.49,13,4
50469,443.33,9,3
16148,304.25,8,4
61808,220.35,13,4
37062,603.58,6,4
48330,933.99,10,3
31506,182.82,10,4
85943,242.66,9,3
21090,294.02,6,4
76779,612.08,9,4
90284,550.7,6,4
580,519.81,15,3
69700,453.84,6,3
13669,244.48,5,4
99021,352.38,12,4
79688,205.67,13,3
86495,211.45,10,3
56801,543.61,10,3
42567,408.57,12,3
36993,491.74,14,2
32675,413.54,6,4
5434,430.5,14,2
93656,506.59,11,4
12877,52.89,9,2
87816,636.56,13,2
18133,432.95,13,3
12827,688.28,13,4
56944,84.15,10,4
38601,215.13,12,4
74255,365.21,11,3
89447,367.23,9,4
83986,419.63,15,3
12681,120.59,11,4
77345,258.24,10,3
42628,519.24,12,3
44167,288.42,11,4
42095,290.06,9,4
76761,394.11,10,4
23198,735.87,0,3
67665,357.35,0,9
58748,580.87,10,2
173,123.05,12,4
76880,551.53,11,5
57555,410.97,9,4
35041,369.15,8,4
5324,503.95,12,4
98909,561.84,11,4
61088,226.37,11,4
19732,258.86,10,4
73288,891.39,6,3
69069,440.66,10,2
30287,343.33,0,4
35145,72.23,7,4
7457,174.3,8,4
64071,759.34,7,2
32133,646.74,9,3
12319,414.12,14,3
77159,571.27,10,5
9387,496.96,10,3
42072,500.22,7,3
48046,539.13,10,5
57764,696.32,13,3
38972,419.85,0,3
1756,513.56,14,3
7952,496.47,8,4
28198,252.25,9,4
92951,327.09,12,3
93903,263.87,10,3
59921,97,11,4
90029,99.05,7,4
75361,148.63,9,3
21513,556.8,8,2
4047,334.83,8,3
71580,456.18,8,4
67541,418.56,9,4
70694,288.46,10,3
85424,406.81,12,3
67162,788.69,9,3
52022,380.99,8,3
6771,351.53,14,4
60785,272.74,13,3
73038,859.53,12,3
769,317.21,15,3
50684,519.79,8,3
25324,92.57,15,4
41805,616.01,0,9
51733,208.87,11,4
48823,129.4,12,3
75650,50.07,10,4
97334,246.59,10,2
31480,261.68,6,4
56048,758.87,12,3
76278,294.58,0,4
30,124.44,15,3
53993,744.55,11,4
9935,307.34,10,3
6548,742.4,11,3
48714,219.41,13,4
45561,702.76,14,4
90736,417.39,11,4
43252,156.35,13,3
69109,282.86,10,3
20189,795.13,12,3
13735,86.72,13,3
57613,393.83,0,3
40156,279.08,10,3
39251,605.56,9,3
39930,738.79,11,3
64300,549.93,9,4
11343,471.04,12,3
9163,906.8,11,4
25969,262.48,14,3
15747,211.34,8,3
60970,348.48,7,4
33880,688.68,14,4
83429,106.31,11,4
57714,378.3,8,4
82701,513.15,8,4
5183,462.09,9,4
22119,344.89,12,4
81345,559.2,9,4
41463,382.67,14,4
51891,225.97,11,3
91955,398.96,11,4
71244,352.15,10,3
94615,820.49,10,4
26017,273.53,10,3
17098,252.57,13,3
7687,980.55,7,4
28529,471.97,13,3
32135,749.53,9,3
25951,457.97,12,3
41679,100.43,10,3
87516,410.28,7,4
23305,605.12,11,3
10168,558.19,9,3
85806,200.7,13,3
10518,247.19,8,4
76335,221.43,6,4
30772,186.13,8,3
95097,526.89,9,2
32940,388.31,8,4
95339,144.64,10,3
63696,346.54,9,3
30593,278.41,9,3
46168,236.21,11,3
87688,388.63,7,4
77871,812.13,12,4
78881,806.01,10,4
89768,130.62,10,2
14093,171.11,5,4
26151,222.63,10,3
754,395.82,9,4
7277,251.37,12,4
71371,688.71,0,9
5841,299.66,13,5
54849,189.34,8,4
73814,638.57,8,3
17503,258.83,10,3
71979,249,8,3
55839,325.53,6,3
52733,589.18,12,4
24727,715.09,10,4
4144,154.92,12,4
93474,371.55,7,4
38764,383.37,9,4
19517,340.07,7,3
83096,534.88,8,3
68454,518.82,11,4
71265,561.14,8,3
34579,749.23,8,3
72357,419.98,7,3
77245,379.74,7,4
18653,700.78,8,4
79072,338.12,15,2
13774,684.14,9,4
79125,255.44,8,3
95475,133.16,7,4
30644,476.96,10,4
36587,282.32,9,3
8070,938.12,11,4
80158,278.62,10,3
2162,256.01,12,4
68134,1109.19,12,4
59757,177.25,13,4
33231,226.74,11,2
25189,545.88,13,3
76850,567.95,10,2
5601,474.07,13,3
21191,473.03,10,3
2046,202.89,9,3
26211,542.82,7,3
64498,311.05,9,3
80163,500.43,8,3
57302,524.91,12,3
83336,656.34,10,3
9490,238.22,9,4
20959,251.8,8,4
61765,345.37,14,3
56444,296.37,10,2
58181,273.21,7,3
69287,336.42,9,3
24659,487.48,11,4
19991,655.12,12,3
13,568.83,10,4
2474,180.32,11,4
99831,274,8,3
13305,157.5,12,2
25836,314.19,11,3
70085,322.5,12,4
79116,467.72,14,3
38653,253.31,11,3
79305,530.44,10,3
98961,579.26,8,3
55381,900.38,9,4
90205,266.18,8,5
40819,189.45,11,4
13472,360.05,7,5
54833,165.68,6,3
12020,465.3,9,3
67479,317.78,13,3
8094,378.87,11,4
75633,466.78,9,4
25900,335.35,12,2
29086,272.33,9,3
157,501.79,10,2
57698,251.33,10,4
65540,356.03,13,4
71867,58.05,13,4
20236,366.83,13,3
45828,788.28,13,2
6928,208.86,11,3
62591,389.72,15,3
88454,856.28,15,4
53915,583.62,14,3
10842,431.2,10,4
73509,266.04,8,3
70143,320.19,11,3
45983,275.68,9,3
30544,376.15,0,10
33462,713.04,9,4
33455,329.49,13,2
74865,383.25,0,3
72138,608.55,13,3
99426,437.56,12,4
83748,153.2,10,3
89492,562.64,0,3
27246,345.98,10,4
75139,181.02,14,3
13214,994.44,14,4
70991,270.13,11,4
62758,535.66,2,3
43868,576.5,9,4
22771,244.28,11,3
24329,149.44,7,3
83122,433.41,7,3
80192,163.6,13,3
47918,330.7,3,3
79159,358.62,11,4
34926,439.76,10,4
67036,360.85,9,3
52233,240.71,10,3
58562,242.99,10,3
18684,309.6,11,2
89163,252.9,11,3
13325,754.25,9,3
56670,494.14,11,3
60630,681.91,14,3
77533,648.86,12,4
61930,290.99,14,4
92684,299.69,10,3
53147,537.18,12,3
74303,228.39,12,2
76112,701.24,8,3
75782,100.39,8,3
40897,262.22,15,4
38435,345.44,8,3
87310,240.81,13,4
62477,177.29,10,4
75501,242.65,8,3
47527,299.8,6,3
42184,194.88,7,3
10305,648.7,5,4
64683,513.09,8,4
71354,582.52,13,4
51548,307.11,9,4
83225,221.15,15,3
41974,726.26,10,3
58850,450.37,8,4
21935,526.04,10,3
35595,442.87,9,3
98927,278.82,9,4
38685,350.41,10,3
49684,288.12,10,4
24230,216.46,12,3
42685,168.11,12,3
22325,203.85,0,9
49120,348.27,11,3
3552,453.89,0,9
45542,339.63,11,4
64475,234,11,2
8019,769.5,9,3
40983,477.78,9,4
85526,591.02,13,4
81443,543.8,14,3
90167,855.62,11,3
12016,514.85,9,4
33027,744.17,14,2
46707,210.87,7,4
13905,889.15,8,2
96565,511.2,12,4
99030,539.68,8,4
8103,319.08,12,3
64874,508.59,8,3
70499,224.45,12,4
26904,498.97,10,4
68091,205.69,12,3
48139,718.58,14,3
4027,621.97,10,3
40274,826.63,12,3
5737,883.88,6,3
75412,343.75,10,4
58,412.04,7,3
17899,239.15,11,3
54612,238.78,10,3
60042,794.93,10,3
598,302.77,10,3
38713,753.11,13,4
57702,428.87,10,4
86084,461.74,15,4
7652,846.99,6,4
49287,232.96,11,3
40969,293.84,0,3
27918,337.5,7,3
94689,840.28,8,3
38880,655.94,9,3
14016,281.76,10,5
9212,290.91,10,3
63954,398.16,9,3
71669,164.2,15,3
6481,240.01,11,3
97209,509.94,13,3
79595,622.4,3,3
47805,276.46,13,4
82902,583.95,14,4
31051,308.53,9,2
36945,714.02,10,3
23799,338.19,14,3
24899,602.76,10,4
72466,514.16,13,3
16274,424.85,12,4
46214,415.49,10,2
50334,441.46,10,3
21839,340.02,7,3
57174,449.24,5,3
11883,191.51,0,9
35023,193.3,11,3
89188,305.53,9,3
38314,489.4,12,3
18858,416.94,11,3
57,563.78,9,3
93706,195.05,10,2
54,296.07,13,4
7063,577.17,11,3
4120,233.88,12,3
25132,355.86,11,3
83785,160.34,15,2
50856,177.59,11,2
6242,879.02,8,4
50237,666.61,9,3
96300,385.12,11,3
38190,238.51,10,5
22651,412.1,10,4
45598,509.75,12,4
95723,242.12,8,4
98793,249.27,5,3
34202,626.36,15,3
66118,147.14,11,4
50703,110.76,13,5
719,445.56,9,4
16885,116.05,11,4
76644,234.03,5,4
47936,521.42,11,5
83341,165.99,11,3
26525,941.47,8,3
89757,460.67,9,3
39905,622.61,14,4
88180,359.32,11,3
96972,269.96,10,4
13497,381.3,11,4
68766,314.59,7,3
62317,309.74,13,3
78007,462.82,6,4
8223,652.17,8,3
251,329.46,12,3
31698,236.14,13,3
77108,515.81,6,3
26926,586.31,12,4
98342,155.36,11,3
5143,167.73,10,3
17547,106.06,9,4
87528,196.42,8,2
97834,294.9,11,4
27986,632.11,13,4
81268,320.05,7,3
70351,767.47,8,4
7569,241.57,14,4
80674,340.72,7,4
77832,205.35,4,4
81191,137.56,10,4
63646,668.76,11,3
62573,282.96,10,3
12604,973.75,8,4
59234,377.69,11,4
33389,128.13,10,3
10907,344.23,13,4
29538,663.33,11,3
9296,360.13,12,3
60760,715.14,11,3
12378,346.78,11,4
64241,383.5,12,3
51932,238.43,5,4
42100,434,12,4
10019,191.18,7,3
11739,446.29,11,3
54128,265.98,14,4
45633,282.91,9,3
42859,598.07,8,2
68236,193.05,10,4
68378,430.46,14,3
52545,504.44,11,3
2169,102.68,21,9
269,342.03,9,3
94783,240.22,9,4
48921,480.79,10,3
47899,103.86,6,4
97783,197.19,13,4
17408,314.02,9,3
52590,540.05,5,4
98301,429.07,10,3
75784,364.3,10,4
41471,576.28,6,3
59148,542.56,26,9
66109,517.77,7,2
85405,576.76,7,2
60678,277.26,11,4
89753,315.3,0,9
21057,390.91,10,4
79234,302.45,11,4
8383,215.13,8,4
82772,143.31,13,3
39570,307.54,11,3
87617,259.97,11,4
16821,801.99,12,4
71425,228.45,13,3
35367,219.47,8,2
28997,300.1,11,3
93238,276.08,8,3
6686,343.83,0,4
27653,330.51,11,3
79250,347.55,10,2
16943,255.92,9,4
50867,350.84,10,4
20876,204.21,8,3
79563,318.26,10,4
49850,316.94,12,4
30242,199.4,9,3
88007,284.7,8,4
49114,525.33,6,3
49285,551,12,4
88110,277.39,11,3
31600,355.02,10,4
62551,463.69,9,3
6006,148.55,11,3
70967,265.46,7,3
35706,308.4,7,4
38368,223.3,7,3
93835,457.25,9,4
92566,251.98,12,3
80955,275.06,0,9
39990,788,0,10
49325,790.31,14,4
91213,152.57,7,3
7074,112.57,9,3
53193,362.19,8,4
1679,646.61,11,4
58332,458.72,6,4
65816,321.77,13,3
56714,733.25,13,5
2621,319.88,13,4
86750,321.62,10,3
16014,123,13,3
68772,392.89,11,4
38316,326.48,13,4
71133,305.77,11,4
80283,433.12,11,4
48415,480.61,5,3
20736,407.24,9,4
1160,497.47,13,3
65385,386.94,11,3
67886,422.12,7,3
62668,329.11,8,3
47908,348.02,9,4
4735,543.87,0,4
11995,904.98,10,4
58329,272.29,9,3
85907,394.43,5,3
65867,307.69,6,4
53855,632.64,13,4
35289,304.04,8,4
40246,205.75,14,4
8437,194.89,9,3
54113,367.27,4,4
399,319.04,0,3
83784,389.55,8,4
50655,238.34,9,4
52191,427.71,11,3
30418,116.33,10,3
84728,384.8,6,3
85734,337.15,7,3
81853,769.16,14,4
39391,476.28,9,3
69581,403.13,12,3
56925,449.72,15,3
44122,401,8,4
61468,161.49,9,4
22544,301.36,5,3
12080,550.83,15,4
36964,156.97,8,3
64885,315.7,9,3
11523,161.8,7,3
29042,284.1,12,3
48169,379.96,14,3
35982,829.17,11,4
78723,501.59,9,3
59734,105.07,6,2
21931,437.69,14,3
3954,327.28,12,4
93051,450.88,10,4
40339,303.32,13,3
57674,349.28,14,3
78779,608.02,9,3
64142,202.72,7,3
9392,843.32,13,3
28358,729.23,12,4
92959,231.56,9,3
19188,264.74,0,3
85129,620.45,4,3
92145,410.56,10,5
57322,241.7,13,3
24275,721.75,14,3
7710,531.54,13,4
70577,614.72,11,4
69825,745.85,12,4
3751,293.93,12,3
52285,220.61,10,3
14398,440.64,8,3
29680,262.45,13,3
36188,258.38,9,4
36265,419.26,10,4
78666,195.23,11,3
3959,359.42,10,4
77772,681.34,5,3
44422,487.9,9,3
93244,470.64,12,3
57087,128.89,13,3
10054,369.34,7,4
61607,389.75,9,3
36462,926.01,4,4
40708,252.93,13,4
32076,187.35,10,4
79044,422.08,12,4
82825,348.9,9,3
77030,359.64,11,3
93260,406.67,13,3
43831,397.29,10,3
33315,365.65,12,4
9101,342.48,12,4
7993,147.13,6,4
41498,308.92,11,3
51105,194.61,4,3
67174,364.6,10,3
14678,268.94,9,3
79422,145.55,12,5
71607,540.71,11,5
24364,460.75,9,4
87258,157.68,10,4
46621,148.01,11,4
4218,361.63,8,4
23651,162.18,9,3
1604,776.25,7,4
46277,190.57,6,4
45095,650.06,9,4
65690,292.33,10,3
71296,369.37,6,4
78307,682.41,11,3
79855,462.62,9,3
64388,377.16,11,3
14140,775.99,11,4
24260,453.7,9,4
67496,491.41,5,4
9670,355.26,6,3
49344,319.8,4,3
6154,285.42,14,4
80950,309.55,9,3
52967,391.3,15,3
95935,447.68,7,3
95165,454.41,14,3
7557,587.46,13,4
87574,451.51,0,9
95520,157.54,12,3
62961,443.82,12,3
16138,104.48,10,4
11619,497.71,14,4
94145,290.32,10,3
56776,1059.41,15,3
3210,153.84,7,3
27512,158.11,14,4
55225,822.25,9,4
9156,143.26,11,4
40471,438.74,10,3
84511,305.66,10,3
12830,419.52,10,3
23904,516.94,13,4
90897,725.39,10,4
71016,506.68,14,3
6468,509.42,11,4
11184,292.56,11,3
5668,545.66,10,4
64081,580.3,9,3
68594,296.08,11,4
97153,582.12,13,4
82309,796.31,12,3
41689,639.42,13,3
65326,484.13,15,4
27509,178.31,11,4
95824,184.68,11,4
29448,386.49,14,3
43250,939.69,10,4
38946,517.88,8,3
2952,368.93,8,3
21343,490.59,9,5
52376,349.55,7,3
59661,190.45,14,3
30701,1026.71,9,3
54544,120.58,13,4
994,685.99,0,2
86634,154.13,9,4
8446,373.85,11,3
80187,116.68,9,3
57143,105.63,0,4
37044,654.61,8,3
76633,259.95,13,3
94729,207.03,12,4
55567,518.98,13,3
20888,730.97,13,4
79061,565.64,12,3
35279,455.57,12,4
82307,80.71,8,3
39946,290.38,22,9
21107,210.85,0,9
38576,484.25,0,3
7976,472.74,12,4
11978,468.95,12,4
71713,507.17,5,4
85193,312.87,7,4
60750,247.16,8,3
27129,270.93,9,3
76131,198.23,9,2
23795,378.97,12,3
78043,664.6,10,2
35790,92.34,10,3
21985,228.2,13,4
21654,293.37,5,3
49780,551.11,10,3
89313,103.32,12,3
35741,213.39,13,3
82281,317.97,10,4
74600,434.29,9,4
7416,147.98,10,4
75541,373.17,9,4
41920,362.33,9,2
44414,749.47,7,4
49457,468.1,10,3
25305,271.1,11,4
58059,314.48,9,4
80544,693.17,8,4
39600,516.93,6,3
56526,311.43,9,4
78011,583.89,15,4
91889,158.33,9,3
47306,457.51,9,3
97540,354.4,17,3
99302,573.26,5,3
86500,261.67,11,2
99497,512.31,12,3
70788,463.32,9,3
37358,474.71,13,3
35118,328.41,12,3
57162,188.85,10,3
53480,383.79,7,3
2215,545.14,11,4
53385,411.07,9,3
37757,430.09,8,3
44930,171.62,11,3
93556,375.68,12,3
18105,298.81,10,4
2885,285,12,4
146,330.12,4,4
64344,78.66,12,2
79264,384.27,9,3
46527,179.81,11,3
23880,400,13,4
80492,239.05,11,3
23139,820.33,10,3
74570,363.44,4,3
32618,278.82,7,4
55003,774.27,12,4
13778,357.44,7,3
23230,419.75,10,4
11919,322.96,11,3
69132,283.92,9,3
40019,741.36,8,3
38652,726.98,7,3
94914,646.29,11,4
26261,661.28,6,2
46023,327.74,8,4
65841,533.44,10,4
53565,266.37,8,3
20537,564.49,10,3
69379,594.71,12,4
56816,302.65,10,3
89453,271.91,11,3
30623,628.4,14,4
6716,909.33,10,3
30311,207.73,11,3
65156,309.16,5,3
47874,291.62,10,3
29153,456.08,8,4
27340,659.18,7,3
35832,592.51,13,4
62807,347.88,10,3
3524,559.99,13,2
53318,434.7,8,3
56641,590.46,4,4
13791,225.3,11,4
88562,464.47,13,4
51924,294.94,17,3
73842,421.02,12,4
5785,726.32,13,3
35525,366.94,9,4
39580,499.58,11,3
9599,461.5,9,3
75669,526.21,11,4
98561,294.24,7,3
43807,727.85,9,4
48532,450.44,7,4
52241,540.96,10,3
39147,755.67,11,4
53306,374.17,10,3
4471,401.53,9,5
56012,581.22,10,4
26155,351.75,6,2
27769,425.57,10,3
94787,257.39,6,3
91577,477.17,10,4
39591,159.02,15,3
84289,512.69,12,4
7918,239.33,14,3
22599,536.21,14,4
27256,314.22,9,4
68903,281.88,11,4
5643,203.29,6,4
96558,265.52,12,4
46814,387.67,8,4
75649,423.29,13,3
92804,272.72,6,4
2155,399.86,13,3
57870,592.1,9,5
88886,294.39,14,3
90792,587.5,10,3
12380,469.55,9,2
79265,357.21,12,3
69719,377.46,10,4
47337,330.6,9,3
3508,405.51,8,3
26287,391.54,0,3
97309,654.59,8,4
85588,535.51,12,4
67741,353.28,0,9
9709,111.07,8,4
86489,491.35,7,3
70354,373.26,7,3
13436,324.07,7,5
6239,403.28,7,3
47127,243.28,12,3
98238,293.13,10,4
30681,163.37,15,3
55540,407.67,12,3
33457,425.57,14,3
14729,144.69,12,3
56389,272.77,12,3
85575,248.81,11,3
8143,470.77,9,2
82536,409.13,13,4
42049,745.19,10,3
2640,202.92,13,2
2740,714.23,8,3
10538,367.36,13,3
69970,545.89,9,4
50028,417.05,8,4
98048,307.61,5,3
27487,679.8,14,4
37408,711.79,12,3
66677,226.62,10,3
81413,354.77,12,3
70246,316.38,10,3
36844,272.96,7,4
25134,641.48,5,3
36380,559.63,10,3
78718,339.03,9,3
2933,517.89,8,3
5590,676.34,11,4
50165,846.39,9,2
76500,420.85,12,3
78060,508.97,13,3
68924,331.87,9,4
56024,284.23,8,3
74219,202.69,11,3
44693,270.1,14,4
50079,442.09,6,3
56402,299.12,8,3
52311,1029.3,8,4
77179,706,11,4
80369,488.43,0,5
88010,372.12,9,4
44156,268.2,9,3
5743,376.4,6,3
21217,172.91,8,3
6357,394.86,12,3
56086,529.97,8,4
13387,663.86,9,3
21019,347.57,9,3
91278,389.86,10,3
72664,627.35,14,3
99848,80.19,13,4
7826,879.18,15,5
37446,168.42,6,3
18587,685.75,9,4
74155,347.18,13,3
8623,305.45,10,3
80768,690.43,11,3
27457,634.21,0,8
13683,381.64,16,9
89540,490.73,7,4
21676,417.38,15,3
82844,416.53,10,4
45416,381.05,15,3
98989,512.66,12,3
74167,329.61,12,3
51071,343.4,14,4
12113,276.25,6,3
61616,627.28,9,4
90165,286.43,9,4
50642,616.12,8,3
64540,692.08,10,3
69482,404.9,5,5
61205,119.92,7,2
56834,389.09,12,4
90498,150.93,11,3
35189,337.29,14,5
27138,641.17,9,3
72231,423.53,9,3
79899,723.34,9,3
76168,332.34,8,3
64112,447.64,11,4
96344,268.94,7,2
93898,245.64,12,3
16346,593.33,0,8
33876,438.44,12,4
7017,373.5,13,4
91323,566.32,9,3
73214,357.5,9,3
37808,528.99,10,2
92569,517.14,9,4
6244,234.81,14,4
14196,270.45,10,3
29742,554.85,12,3
72265,280.32,11,4
36757,117.56,14,4
49834,489.9,10,4
86845,538.75,4,4
4632,443.93,12,5
18736,415,8,3
19585,551.12,12,4
77346,504.36,8,4
24103,409.05,10,3
16829,392.71,9,2
99407,659.84,10,3
96492,1109.32,9,3
64999,370.32,8,4
89961,337.64,11,3
11548,377.04,7,3
39783,367.49,10,3
43578,368.73,10,3
22819,469.73,9,3
49315,629.13,15,4
62676,563.74,6,4
23624,876.04,10,3
53186,642.34,7,4
10758,131.25,7,4
77292,349.68,10,3
90852,244.36,0,4
44331,497.27,14,4
18608,1090.25,11,4
48652,497.21,9,4
32956,291.11,15,3
68519,354.71,10,3
92943,666.35,8,3
18462,455.08,7,3
11044,821.93,9,3
29078,325.89,14,4
67930,426.47,13,4
52300,293.58,12,4
37961,881.96,6,4
19607,452.98,10,3
88773,318.88,13,4
33314,494.74,9,4
66961,198.18,9,3
95102,477,10,2
99274,816.62,9,2
7603,409.08,9,4
22202,821.17,0,4
25645,445.63,12,2
30454,459.42,13,3
77731,307.83,10,3
9310,98.55,9,3
9940,317.13,12,3
58590,181.5,7,3
76164,341.01,14,5
83612,392.55,10,4
37260,466.91,3,4
5838,411.59,8,3
4932,403.42,9,2
36387,298.45,15,4
37602,483.2,10,3
60030,456.56,7,4
72040,509.04,10,2
91811,560.45,8,4
51250,572.45,6,4
49847,360.9,9,4
91265,626.82,6,3
19936,776.33,0,3
41507,384.86,11,4
53527,473.05,12,5
27577,263.95,7,3
45042,739.72,13,3
45916,542.97,12,3
21553,394.81,8,3
69396,433.44,10,3
64891,341.1,9,4
25056,344.4,13,4
43001,607.21,10,3
11702,604.13,13,3
4911,261.76,12,4
43231,308.53,10,3
91342,118.2,10,3
37340,340.58,8,4
43583,429.47,9,4
43474,242.45,7,2
4152,96.21,9,4
3653,492.39,9,3
53381,240.17,10,4
84738,303.82,0,4
59794,238.25,11,5
96806,430.27,7,3
17282,377.3,0,9
46940,431.74,10,2
24860,511.7,14,3
70241,331.58,10,3
16092,595.35,14,2
1087,450.16,10,3
11006,337.57,9,3
93016,583.64,15,3
36735,500.01,7,4
67066,528.8,11,4
90260,625.98,8,4
54742,409.75,13,3
60070,386.81,11,4
9517,454.02,9,4
81326,839.21,9,5
51445,667.81,12,4
79968,544.51,8,4
32475,567.86,8,3
83031,94.43,11,3
39429,338.23,12,4
25714,1020.41,6,3
79920,235.3,11,4
20300,619.51,7,3
24333,213.97,9,3
4072,625.38,14,4
42699,266.45,13,4
23429,251.73,10,4
23899,304.8,8,4
96548,218.04,11,4
89626,308.72,14,4
67116,408.41,13,4
46807,344.29,11,3
94001,249.99,10,3
48009,931.1,13,3
76862,447.29,13,3
87666,544.79,12,3
46411,440.99,9,4
7322,238.66,4,2
61787,65.07,9,3
42103,191.35,14,3
80374,203.17,10,3
20013,251.11,9,4
50211,291.67,5,3
74725,446.75,9,4
61540,963.53,8,3
25564,286.6,9,4
18195,34.18,10,4
12308,229.11,10,5
15086,440.22,13,4
49598,420.93,6,4
72144,427.06,7,5
43034,278.83,8,3
93729,396.29,10,3
20258,561.55,0,4
72706,169.46,14,4
13173,283.69,9,4
53398,448.74,8,3
24921,616.8,13,3
44282,76.96,11,4
76909,310.78,9,3
67747,201.92,10,4
12855,481.16,13,4
25770,314.06,10,3
86909,399.8,11,4
98556,539.99,12,3
74495,327.98,9,3
96226,332.85,5,4
19085,603.31,10,3
29045,226.09,13,3
25451,311.32,10,4
99531,233.45,12,3
97996,363.2,9,4
16006,676.14,8,3
50692,381.26,11,3
60413,418.78,9,4
44352,503.21,12,2
26972,267.37,13,3
91121,459.71,9,4
61831,508.63,11,3
57582,315.93,13,4
17423,598.4,14,3
96875,210.19,9,4
94379,177.41,9,4
64168,449.07,9,4
44975,890.46,13,3
51156,154.55,8,4
35996,153.27,0,9
62907,339.93,10,5
39363,324.43,7,3
14453,269.17,9,3
88273,292.21,9,4
63601,234.12,10,3
4647,698.37,12,4
80386,553.69,14,4
21871,91.14,12,3
86731,281.14,7,3
94600,717.11,14,4
22012,213.98,12,4
40775,96.61,10,3
43902,388.92,14,5
68502,494.87,12,3
52635,439.56,10,4
97581,443.5,9,3
67488,454.31,12,3
58790,558.3,5,4
37997,469.69,10,3
76945,141.24,7,4
61791,272.74,5,5
76321,593.5,11,2
54661,295.75,10,3
82950,389.15,5,4
60271,502.81,10,3
80154,282.91,11,4
83281,459.14,12,4
70844,436.41,11,3
27002,408.25,12,2
45961,450.3,11,4
92920,197.02,11,3
77556,529.52,10,3
81229,285.24,8,4
51438,330.19,11,4
42337,784.74,13,3
52921,582.67,0,3
14825,364.88,9,2
32241,679.08,10,3
34881,1041.99,5,3
79659,590.01,8,3
40448,559.42,13,3
20598,184.38,10,3
43449,339.77,12,4
75486,430.68,12,4
34895,371.89,8,3
89892,317.78,10,3
45165,481.48,11,4
7714,505.16,9,4
65455,200.34,11,3
98955,349.99,9,3
93518,326.21,7,4
47135,469.69,12,4
56953,649.55,14,3
46996,210.79,11,3
75167,485.95,10,2
93548,439.82,10,3
95785,244.49,14,3
23489,304.17,13,4
12499,282.66,14,3
96158,469.93,12,3
85014,1189.66,11,4
84387,213.17,12,4
42056,266.6,11,3
62125,306.91,7,5
63191,552.09,0,5
59229,325.9,7,4
82429,278.87,13,3
11857,360.57,7,4
2919,151.3,8,3
93026,303.1,9,2
66156,508.28,7,3
36306,493.42,10,3
18852,458.08,8,4
432,593.65,11,4
71701,272.79,15,4
14312,76.93,12,3
12861,507.53,6,3
11340,279.92,11,4
29919,681.1,10,3
14697,220.59,15,3
14405,359.2,12,3
60530,410.66,10,3
6230,349.17,7,3
38461,588.4,10,3
99604,338.93,13,3
38977,358.77,8,3
11324,400.68,8,3
60368,645.5,13,2
53864,740.7,13,4
9063,700.38,10,3
84318,292.3,9,4
42867,395.2,10,3
21032,150.31,13,3
38791,141.22,10,3
10137,243.26,11,5
42475,876,14,4
75616,623.7,12,4
67395,745.18,13,3
97211,345.83,15,3
12522,864.4,9,3
60490,390.94,10,4
20634,779.02,11,3
1595,615.56,11,3
1692,607.25,9,3
49165,514.31,11,3
77844,362.98,9,4
76446,88.22,11,4
63287,235.61,8,3
97117,344.28,10,3
28760,543.34,14,4
91144,414.3,9,4
90643,428.34,9,2
41656,779.17,12,3
97399,241.98,3,3
89719,549.26,11,4
78562,329.04,11,3
24000,607.41,0,3
35369,418.24,9,3
49157,911.21,8,4
8061,363.44,0,4
67153,251.75,11,3
99933,206.9,10,3
19372,134.08,12,2
29274,373.02,9,3
44472,557.61,7,5
5397,333.9,12,3
27332,302.33,10,3
40176,648,10,3
118,559.19,7,3
31708,515.65,8,3
80230,664.36,11,3
93165,189.42,8,3
48478,254.6,12,3
39052,247.62,13,2
26221,120.52,13,3
20205,570.45,7,3
30960,89.73,0,9
46490,388.4,10,3
23549,718.86,13,5
82537,800.67,11,3
22064,512.02,7,4
72076,695.62,9,3
52103,585.03,13,3
4528,231.89,13,2
16861,668.15,15,3
85195,847.81,8,4
84079,251.88,9,3
40967,398.25,9,1
52199,308.89,13,3
76656,497.55,11,3
54631,192.73,14,3
68435,418.05,12,4
65112,408.75,11,4
10939,603.85,15,2
23934,174.33,12,3
69953,607.62,12,3
29355,896.75,10,4
99617,255.23,10,4
45373,251.31,8,3
70820,189.73,7,4
27007,583.79,10,4
42588,340.33,10,4
86415,275.15,15,3
54377,435.88,13,4
49829,315.8,9,4
47910,654.87,13,4
83171,304.1,8,4
87743,347.99,11,3
19299,261.63,11,3
58501,386.36,6,3
37991,450.43,13,3
7886,733.21,9,3
78163,988.75,6,3
47728,454.5,7,2
82692,202.95,5,4
8332,611.8,9,4
14972,238.42,12,3
92106,209.3,0,9
4549,345.32,7,4
60885,493.77,9,3
85325,353.06,10,4
89205,480.29,11,4
60855,728.16,11,4
32174,207.65,10,4
37248,1041.44,10,4
36797,455.83,13,3
99028,336.35,14,3
6131,201.9,8,4
94088,321.86,11,4
26708,262.6,10,3
96959,712.32,14,3
92363,274.13,13,3
8864,250.63,13,4
4902,430.53,10,4
85936,268.63,13,2
91651,297.65,12,3
98831,508.37,7,3
42192,409.64,8,4
10946,373.45,14,3
69823,793.26,9,5
86157,157.45,14,4
53304,346.7,12,4
95755,295.58,8,3
91866,73.8,9,3
91983,467.72,7,4
45741,325.1,11,4
13732,306.42,1,4
74773,244.58,13,3
68310,283.62,11,4
86632,231.01,12,4
84098,570.58,10,3
95317,633.66,14,4
7396,596.74,11,4
90004,494.37,0,9
16338,405.92,10,4
74787,399.86,13,3
17201,822.73,7,3
7117,271.6,10,4
63268,420.54,8,3
68187,289.23,6,3
9767,152.19,15,4
98756,104.55,11,4
63825,795.72,12,4
84651,702.38,11,2
17997,173.73,6,4
6122,762.65,10,4
80031,196.85,14,4
77392,550.24,14,4
54972,390.33,9,2
59721,616.23,14,3
27786,582.91,14,4
4852,314.74,12,3
18734,324.61,14,2
79252,132.9,13,3
77782,323.99,12,3
72681,651.26,5,3
76211,366.71,12,3
19609,514.89,10,3
55292,317.54,8,4
71797,412.95,10,3
29219,330.18,8,3
9890,367.68,13,4
20542,461.62,10,3
20307,478.7,7,4
7538,183.46,11,3
2139,355.19,7,3
44020,554.92,7,2
92962,59.46,6,3
3300,281.07,9,3
32535,431.96,0,9
82438,481.47,13,3
37590,238.34,9,4
89149,266.5,13,4
68151,464.06,7,4
78346,478.69,8,3
13137,160.23,8,3
17741,339.05,7,3
55666,426.33,9,3
35103,260.99,10,4
94134,462.6,8,4
85184,201.06,10,3
27583,105.15,13,4
71123,304.56,13,4
39672,463.91,6,4
21808,1011.39,11,3
68230,137.18,7,4
99015,281.38,10,2
27217,608.28,10,3
59845,644.84,9,3
35518,441.44,8,3
20853,734.19,11,4
37458,554.27,10,4
10883,132.14,6,3
82390,302.97,8,3
57529,637.65,14,3
37668,121.49,9,2
95372,402.76,12,4
76399,469.06,10,3
15748,423.05,9,3
28581,438.41,10,3
49963,455.5,11,4
96315,239.26,23,9
47739,486.44,10,4
95715,457.42,8,3
34193,283.88,7,4
94242,364.22,4,4
10123,555.12,12,3
44451,259.26,10,2
22516,507.16,13,3
64553,432.18,9,4
90331,220.87,12,4
95807,153.56,11,3
34334,327.01,7,3
99279,274.91,10,5
14879,397.79,14,3
45607,274.75,8,4
56940,333.5,10,4
21144,509.94,12,4
60214,627.62,10,4
32966,407.79,12,3
82826,326.83,12,4
53789,444.43,8,4
49910,272.06,11,4
9430,251.71,10,5
25955,832.6,11,3
805,371.72,8,3
94445,657.88,10,4
16188,649.78,10,3
22829,229.41,11,3
72951,341.16,0,8
42948,282.39,8,3
56996,599.29,8,3
45868,222.34,9,3
73936,1107.89,7,3
62581,377.49,15,4
38061,267.53,10,4
6995,355.15,9,4
20055,284.27,10,3
94316,478.1,9,3
71332,599.73,10,3
51588,464.81,10,3
83160,473.86,9,3
32444,133.1,9,4
99146,353.19,8,4
23322,378.66,8,4
56579,446.18,12,3
1308,534.6,9,3
53798,411.6,14,3
12112,394,11,4
92808,330.02,12,3
12247,299.77,0,10
20108,293.31,5,2
93767,695.46,10,3
14628,452.17,13,4
53213,592.87,10,3
19507,619.56,9,4
85471,330.43,11,2
81316,874.85,10,3
6988,72.67,8,3
76001,1230.94,14,2
53198,505.78,10,4
23959,187.95,6,3
1969,201.55,7,3
67772,662.55,12,3
95614,226.39,0,10
29296,515.32,13,5
71361,653.56,10,3
99252,765.73,13,3
6843,179.7,12,3
14366,310.6,10,4
35760,646.36,10,4
3467,248.19,14,6
42016,515.66,4,3
23365,421.56,11,2
97083,849.02,9,3
23665,336.75,6,3
74822,235.76,9,4
7252,289.61,10,4
89946,734.09,9,4
33705,670.89,13,3
71418,743,12,4
52259,611.5,8,3
28497,207.04,12,3
37651,594.88,12,5
40201,785.89,7,3
59284,567.93,10,3
42774,311.39,14,3
95414,337.08,12,3
66918,454.17,13,3
27331,424.2,15,3
69011,243.05,11,3
78909,559.53,11,5
73965,463.01,13,3
7964,548.11,10,4
38009,400.51,11,5
45843,158.96,9,4
51328,312.41,8,3
63497,445.94,10,4
72329,276.71,9,3
57809,252.24,12,4
72195,885.24,9,3
3335,237.32,8,4
52495,118.78,8,3
39294,273.83,13,2
81829,287.27,9,4
32760,599.3,9,4
78144,435.69,10,4
43909,174.49,9,3
23733,264.88,14,2
5167,254.36,12,3
18745,227.24,8,2
49666,601.71,11,4
88715,632.34,11,4
23653,289.5,13,3
82803,654.7,10,3
48031,225.36,12,3
36217,203.83,13,3
78576,390.47,15,3
16427,200.92,10,4
63800,177.7,10,3
49830,356.42,13,3
70228,535.87,11,4
17218,590.33,11,3
50713,201.09,14,3
48835,373.34,12,4
39805,617.63,10,3
14000,248.71,6,3
28364,169.25,10,3
24581,451.17,13,4
23927,454.81,9,2
65183,476.68,5,2
30568,14.47,11,4
4496,237.11,9,4
57234,427.06,10,3
26378,163.12,10,4
60889,237.25,7,3
35765,390.59,10,4
29599,324.88,9,3
14829,419.26,10,3
87796,177.97,9,4
15744,262.85,9,4
90014,33.33,9,3
50342,263.92,15,4
81905,544.11,12,3
87501,453.12,11,4
72825,155.35,15,3
61047,259.6,8,4
97281,147.17,12,3
35420,320.63,8,3
77201,110.84,9,3
60935,312.98,12,5
13551,132.1,9,3
43422,561.68,9,3
67078,111.24,14,4
77778,242.99,14,3
87268,211.44,8,4
65347,399.5,10,3
86621,237.03,13,3
59357,306.04,6,5
98200,252.84,0,9
91787,494.26,13,3
1667,196.39,11,5
56912,252.46,10,5
17312,748.22,8,3
5783,214.13,12,3
90225,799.11,14,3
13291,802.87,5,3
225,507.18,9,4
71919,205.7,15,3
32339,349.84,11,4
73731,234.81,10,3
2410,348.83,7,3
33117,388.84,9,4
58965,790.46,12,4
79453,368.96,11,3
70903,330.87,9,5
1832,141.72,8,3
83149,322.17,10,3
43318,388.58,7,3
46524,302.12,0,3
2766,142.8,14,3
51069,505.71,12,3
71022,321.56,11,4
22730,252.55,9,3
77455,98.22,15,4
18113,257.06,7,2
7948,725.78,13,2
69988,232.91,11,3
46509,353.72,12,4
68591,613.05,14,4
84518,285.89,10,3
546,269.3,11,4
50938,579.02,3,4
81439,573.24,10,3
22185,285.79,12,3
12075,461.4,0,2
34066,385.24,7,3
77138,385.39,11,4
52207,331.18,10,4
81023,359.4,14,3
16429,848.72,10,4
97196,405.9,10,4
42448,170.97,8,4
68559,374.07,10,3
34718,581.22,7,3
73254,343.81,10,3
27311,132.58,9,3
54010,540.63,10,3
35486,281.26,9,3
35995,630.45,14,3
59274,402.93,9,3
43336,357.43,10,2
31839,154.53,9,5
48377,531.82,12,4
97036,666.02,13,3
57220,491.6,9,5
47441,54.76,8,4
42734,397.83,11,3
11105,191.35,12,3
74326,474.72,9,3
76441,378.05,12,4
77998,143.73,11,3
41615,327.75,7,2
91464,433.61,12,3
11585,157.51,7,3
24188,303.22,14,3
94527,686.4,11,3
38221,416.75,14,3
16442,596.34,10,3
50504,661.58,6,4
8983,423.66,7,4
48729,770.61,13,3
7218,420.53,9,3
40037,516.3,8,2
60996,426.87,11,3
8214,610.06,10,3
12486,1064.23,8,4
98790,558.36,4,5
26010,240.1,9,4
49866,294.95,11,4
13329,282.36,9,3
41737,332.87,10,2
52382,504.95,9,3
77259,367.43,11,2
15374,526.51,12,4
25111,376.09,14,3
67231,259.99,6,3
49626,200.42,11,3
51132,854.94,10,2
4640,231.32,13,5
8201,482.02,0,3
80493,271.16,10,3
76199,236.35,11,4
29087,291.47,13,4
28257,415.32,14,3
47475,215.7,13,3
10925,377.1,5,3
72425,388.88,7,4
74227,262.67,10,4
76594,404.98,15,4
16989,208.21,11,3
42647,132.92,11,2
68460,504.32,11,4
31793,219.29,12,4
5345,147.84,13,3
99698,249.73,13,4
10895,211.54,4,4
34658,220.38,5,3
11974,293.67,10,4
40522,456.86,12,4
27915,339.79,6,4
80560,1150.9,12,5
72783,486.95,8,4
72585,521.7,11,3
25646,420.8,10,2
67454,218.2,7,2
42490,262.94,15,4
27035,597.71,12,3
96237,227.18,0,4
55133,709.73,12,4
70717,219.88,9,3
75234,449.47,10,4
50831,472.53,9,4
30474,288.44,7,3
19125,634.58,5,4
58972,561.93,10,2
96339,267.84,14,3
89449,440.9,11,4
45248,290.35,9,3
55518,396.39,12,4
3188,411.7,11,4
27837,255.6,12,2
79638,66.36,12,4
66041,684.86,10,2
71003,511.72,13,2
17199,456.5,11,3
5776,464.16,6,3
8068,379.95,12,3
72251,278.71,15,3
71290,476.61,11,4
55132,668.19,15,4
32036,203.53,11,4
1008,474.95,12,3
77671,271.35,0,9
85267,294.68,5,4
18010,171.47,7,3
25272,268.67,10,4
22616,227.04,8,3
16324,372.1,6,4
3558,251.45,10,3
4480,216.25,9,4
62238,525.54,0,3
51035,337.96,11,4
69244,206.63,11,3
12024,648.87,11,4
55045,325.23,10,3
45242,786.32,12,4
13316,198.57,12,4
51,284.51,12,4
2569,191.25,13,3
23205,54.69,13,3
59365,221.64,10,3
20047,942.65,7,3
4613,626.21,4,3
49143,633.09,9,3
21836,820.86,6,3
77846,390.23,9,3
83330,271.75,0,10
10691,144.06,11,4
58155,229.59,14,4
57435,199.54,14,3
99283,304.3,13,2
82794,274.71,11,3
81347,1016.27,11,3
36211,295.21,10,3
1744,349.28,6,3
55996,411.27,15,4
49057,543.32,13,4
63502,124.27,13,3
98579,181.63,9,5
68515,185.61,12,3
46601,516.9,11,3
33101,137.76,6,3
85855,447.9,10,3
58353,145.9,11,3
52202,213.88,11,4
17798,746.67,9,4
91469,215.71,15,3
93251,238.91,15,3
76649,465.22,12,3
17692,667.31,9,3
22362,278.15,8,3
59402,279.29,7,4
77036,569.36,9,3
68583,514.88,6,4
72330,236.3,12,5
72235,324.77,7,3
82785,339.57,7,3
13787,486.61,12,4
82724,220.14,11,4
77894,185.55,13,3
27448,530.73,12,4
38510,223.85,10,4
59759,260.73,11,4
8688,492.02,6,4
57115,499.94,11,3
30927,170,11,4
12845,253.63,12,3
74946,155.36,10,3
71135,334.26,11,3
71459,151.74,7,4
73817,307.69,12,3
18311,685.88,6,3
27181,156.65,11,3
23029,212.3,11,4
78057,401.02,14,4
81293,313.14,13,4
78862,319.01,13,3
97156,370.44,6,3
95965,522.71,14,3
30446,529.67,9,5
217,414.52,0,3
13059,583.61,9,3
86541,470.99,7,3
33394,449.16,12,4
98382,269.55,10,3
2434,303.46,13,3
85722,212.51,9,3
19030,223.74,8,3
41792,202.58,12,3
23584,218.76,10,4
1118,180.92,13,3
63567,125.21,12,4
15776,791.64,10,3
86057,297.33,11,4
34711,328.79,11,5
34002,411.88,7,3
68595,548.21,9,4
33828,333.05,11,4
81995,191.64,15,4
92044,321.68,12,2
12549,417.2,11,4
83692,271.64,13,3
89996,372.74,11,4
28145,544.54,9,3
48353,234.29,13,3
22403,110.26,0,8
45941,311.63,8,3
34452,309.78,11,3
17142,392.01,14,3
21214,430.11,9,5
38318,303.36,13,3
87073,287,10,5
78793,384.83,11,4
55395,673.35,7,4
30830,423.3,18,9
47838,279.99,15,4
1922,126.19,10,4
84686,315.53,10,2
66200,281.27,4,4
3514,427.68,13,3
86627,501.81,10,3
21129,301.11,11,4
96872,146.04,11,3
67429,160.46,11,4
6409,248.81,9,4
38924,279.13,15,3
80042,362.08,11,4
32895,374.39,10,3
42536,472.47,14,4
81544,427.78,9,3
85273,256.87,7,3
73126,352.02,5,4
15626,184.71,10,3
98309,139.24,9,4
96329,530.72,10,3
42205,186.66,10,3
2594,296.29,0,2
85552,981.99,0,9
7501,144.57,10,4
6808,217.15,13,5
64544,399.78,10,5
5469,372.15,12,4
57177,328,13,3
72564,521.33,10,3
21757,326.47,6,3
77769,207.21,9,4
63071,563.3,15,4
86098,323.9,10,4
12692,312.45,13,3
24682,302.23,11,4
99150,514.03,10,3
66411,169.56,4,4
94710,464.91,12,4
46224,796.95,9,3
47090,368.51,9,3
92011,148.56,0,9
92604,779,15,3
83073,652.79,7,5
42849,360.94,4,4
64159,388.84,12,3
54401,417.23,12,3
37638,608.67,10,4
78677,110.34,10,4
46587,731.5,14,4
29020,250.42,5,3
51717,98.78,8,3
74281,215.46,12,2
1794,610.97,11,4
44268,298.12,13,3
77867,374.63,8,4
39514,432.04,6,2
98879,638.36,13,2
28658,108.78,15,3
18092,249.47,10,4
2571,406.14,15,3
67854,910.05,14,3
26169,532.17,12,3
61916,284.18,11,4
21429,644.27,7,4
3586,748.21,0,3
68814,319.1,11,3
63011,385.17,10,4
75272,510.93,8,3
83758,154.38,3,3
87783,214.9,9,3
87585,429.05,8,3
49473,863.27,10,4
69229,336.61,14,3
8716,450.76,13,3
30993,318.49,6,4
60788,375.77,11,4
94714,269.63,8,3
78925,251.44,6,3
32725,185.07,0,9
90807,595.88,7,2
49597,1315.05,8,4
42158,127.46,14,4
52121,993.57,6,4
80699,241.94,11,2
56077,437.25,10,3
3874,68.79,10,5
77525,623.56,10,4
90296,232.2,9,4
18371,307.08,10,2
83722,569.1,14,3
88590,454.29,14,3
99256,259.72,11,3
28508,350.46,9,3
60860,555.91,13,3
83130,579.41,7,3
40307,410.75,10,2
26014,103.99,11,3
32637,194.67,12,3
57458,362.94,9,4
91772,738.43,0,3
13359,1262.85,8,3
98876,414.62,8,4
18972,335.6,0,4
89417,372.72,12,3
28164,157.46,9,4
57063,277.19,8,2
50630,578.14,11,4
10974,270.21,11,3
14517,279.62,7,3
86317,246.22,10,4
27813,189.71,12,3
25165,278.05,11,4
58216,434.25,7,3
36073,174.3,15,4
29378,386.56,8,4
40837,393.59,11,3
43600,508.14,13,3
6080,722.45,10,4
47482,621.73,14,3
39549,593.35,0,3
38896,445.42,13,3
54157,675.19,13,4
28727,550.27,8,4
32190,596.3,14,3
16358,350.02,10,4
93840,348.33,11,3
1313,170.44,11,3
63320,325.14,10,4
24427,114.24,15,3
92427,400.48,15,3
81878,183.14,8,3
44804,351.27,9,3
52686,99.08,10,5
14323,321.4,7,4
52609,432.09,12,4
20335,564.01,12,4
16896,491.14,14,4
64621,195.07,8,3
99720,654.23,13,3
10240,388.95,13,3
87887,666.13,10,2
1843,447.58,7,3
12356,241.2,0,9
66843,211.44,14,2
1047,352.79,12,3
58479,598.33,12,4
82717,204.79,3,4
27789,359.14,10,4
90300,130.09,12,3
36418,816.53,7,4
48493,469.69,9,3
63047,202.19,11,3
47461,313.42,11,4
78336,359.43,13,3
51772,322.64,10,3
91738,897.3,10,3
62406,627.74,13,4
10886,150.9,10,4
96910,152.35,7,4
90606,116.55,8,5
33776,108.66,12,4
87494,489.8,12,3
3090,124.11,12,3
82363,226.66,12,4
55711,279.56,13,4
62440,678.36,9,3
57548,365.21,14,3
93856,322.17,7,4
67891,208.69,12,3
30109,250.38,9,4
53751,320.1,12,3
14548,204.63,10,4
15350,473.02,9,3
31532,469,10,3
17092,506.66,11,2
71855,614.6,10,4
35955,98.42,10,5
94951,849.9,8,3
46700,974.81,13,3
31873,352.27,10,2
6304,292.13,11,4
46727,263.03,14,4
20509,100.27,15,4
95287,277.03,14,4
15893,237.59,9,4
18994,127.9,12,3
5732,599.42,14,4
84756,629.91,7,3
79478,544.8,7,5
53590,338.74,11,5
72035,322.92,9,3
99337,189.96,0,4
96669,467.44,13,3
5964,191.77,4,4
71279,132.79,6,4
60863,578.36,12,3
22831,478.89,11,4
41597,632.16,0,4
21683,475.98,11,3
49654,485.5,15,4
80735,569.9,5,3
15555,227.43,8,4
67152,453.15,11,4
37417,336.09,9,2
25220,831.44,8,4
71832,1001.82,7,4
61977,349.86,9,3
59570,450.14,6,4
94955,248.77,9,3
41391,655.93,13,3
83376,408.74,8,3
76014,392.18,13,4
20029,420.76,11,3
99264,367.06,11,3
70401,456.7,5,3
19970,325.25,6,4
77891,316.34,11,3
63715,265.77,15,4
11143,486.21,13,4
29071,344.68,0,10
90226,597.9,13,3
24390,229.43,10,3
77405,907.06,10,4
34382,450.3,14,3
61036,387.67,7,4
18286,450.57,10,3
91853,134.83,8,3
29450,921.69,9,3
53877,451.91,6,3
88626,213.19,11,4
45736,169.97,13,3
75182,217.49,10,3
75319,414.35,10,4
79893,276.13,12,4
15938,459.47,14,3
93023,642.94,13,3
61344,421.5,12,4
18873,225.31,14,4
60781,171.36,8,2
14764,396.25,10,5
67180,254.39,13,3
57211,378.91,9,4
62249,78.57,12,4
85711,730.82,10,4
63297,299.94,13,4
31757,504.24,6,4
20758,171.64,11,3
72247,570.79,13,4
58263,309.46,12,4
78182,407.17,14,4
98997,482.97,10,3
90392,252.2,10,4
43845,196.3,12,4
22283,412.18,10,3
78972,198.43,14,4
74855,834.24,15,4
41420,689.6,9,2
10447,318.29,8,3
14754,212.81,14,4
90348,364.44,12,3
74858,884.51,12,2
46590,298.78,8,4
95905,939.11,11,3
55514,333.06,13,4
64121,192.15,9,3
38795,320.45,11,3
76282,192.2,5,4
52250,421.73,13,4
80429,303.06,7,3
8955,128.88,6,4
14075,500.26,14,3
83546,211.23,12,4
41334,749.71,9,3
82388,415.16,9,4
39121,182.41,13,3
90783,543.95,13,3
78162,639.24,10,3
2711,292.68,9,4
15669,605.33,9,3
78693,538.61,11,5
63106,304.61,10,3
19232,238.22,8,4
20250,241.69,8,3
74531,844.36,10,4
73734,524.53,10,3
32525,432.37,9,3
42408,173.96,10,3
16667,246.13,11,3
48095,852.46,12,5
86247,480.11,14,4
17096,606.61,0,3
62691,387.06,12,3
99350,530.47,8,3
64573,345.14,12,2
94603,403.43,7,2
91637,252.76,14,4
94620,886.12,8,4
47603,237.2,11,4
12365,235.54,15,3
85051,228.68,12,3
15366,455.08,10,4
24908,464.04,12,4
13083,576.79,14,3
28473,298.27,8,4
52977,411.25,12,3
83420,415.82,14,4
39179,400.74,9,4
41242,412.32,12,4
89779,295.77,10,5
46711,659.64,11,3
29389,587.66,13,3
12756,308.61,10,2
26609,372.38,0,9
69686,650.66,9,3
50380,180.01,8,4
82712,633.57,5,3
94576,278.46,8,4
18779,287.14,14,3
47302,236.57,10,4
67912,197.88,7,4
66470,245.94,9,3
57423,388.31,7,4
99163,384.13,7,4
81299,405.38,13,4
30497,396.13,0,9
88695,476.68,12,3
61391,136.1,9,4
35451,300.36,7,3
23501,268.99,9,4
50915,482.48,8,4
65433,137.41,8,3
69541,663.56,10,3
47392,455.65,13,3
28731,480.9,10,3
59245,538.92,5,2
9987,306.15,15,3
25908,530.74,13,2
701,338.47,0,3
57448,410.49,10,5
27828,448.5,15,3
70312,135.71,11,4
22567,302.02,9,4
93195,210.54,8,4
40512,525.08,7,3
38612,232.43,13,4
2111,215.07,13,4
71443,111.95,13,4
3037,372.64,12,4
75310,104.7,11,3
71514,234.88,11,4
24279,229.95,15,3
94097,533.74,9,3
5271,477.09,9,3
29907,719.5,11,2
10934,239.7,9,4
98086,633.58,7,3
96578,144.13,8,4
77635,346.41,12,3
77748,491.97,15,3
82101,341.19,14,4
77480,182.85,8,3
36370,473.1,11,3
4347,219.42,15,2
72546,288.69,14,3
5118,338.74,13,4
16249,267.06,11,4
79729,882.54,13,3
73719,469.12,13,4
49759,270.41,10,4
80442,281.21,8,4
24504,631.7,10,4
87942,276.54,7,4
66666,219.33,12,3
2365,324.21,10,3
83928,763.96,4,4
90821,250.09,8,4
71075,310.99,11,3
98030,492.38,13,3
28426,448.93,11,3
50221,663.55,7,4
28765,207.14,8,4
77852,105,0,3
62723,223.29,14,3
47872,444.67,11,2
14141,624.37,10,3
26850,230.68,10,4
53121,287.85,12,4
62095,215.3,10,4
9733,275.75,9,2
54715,84.45,10,4
17966,430.73,10,3
74197,534.71,13,4
26102,531.24,5,4
75844,85.57,15,3
60277,273.55,11,3
82071,451.09,0,9
24989,237.38,12,2
24337,281.27,9,3
97181,308.33,7,2
81215,322.94,8,5
51072,510.93,12,3
19410,891.58,12,3
85306,674.63,7,2
62386,607.43,10,3
77289,351.63,7,2
15806,163,11,2
13965,281.28,9,4
85858,349.41,8,3
83009,299.54,11,4
30139,402.11,13,4
86092,479.8,6,4
90091,304.29,9,3
56424,733.8,15,4
94821,334.09,12,4
63604,111.88,0,4
91263,659.14,7,3
24135,405.29,11,4
98046,200.18,8,2
29396,505.6,13,2
37735,304.21,14,4
7101,226.86,22,8
15,475.92,14,3
42584,467.2,13,3
11073,196.01,7,4
11407,718.06,10,3
23295,606.68,13,4
450,789.05,5,4
19933,269.93,11,3
58981,335.39,9,4
37070,279.72,9,3
75295,321.96,8,4
84632,432.7,11,3
85322,330.24,11,4
26082,612.37,12,4
31200,741.53,11,2
45017,368.01,11,3
26052,681.73,0,10
87564,321.84,9,2
80935,159.95,13,3
99193,317.27,13,4
65491,1049.32,10,4
82564,401.31,0,9
45061,123.5,10,3
97546,441.21,13,3
33368,327.54,9,4
25357,572.95,12,3
27921,507.99,12,3
99612,2244.4,5,4
92814,333.22,9,4
27042,187.93,7,4
93169,530.82,13,4
74105,110.9,8,4
10213,503.69,9,4
51100,506.76,10,3
67589,534.29,13,3
9807,1349.92,12,4
6099,239.02,10,3
87157,455.55,9,4
15927,438.36,12,3
86540,394.42,10,4
89484,558.69,4,4
20919,518.97,13,4
18796,414.75,11,2
2021,257.99,9,3
7883,220.68,11,3
92359,330.32,8,3
62292,355.43,15,3
25121,702.38,11,4
60430,250.54,14,4
24236,309.07,14,2
1563,239.77,8,4
17152,351.11,9,3
57007,667.77,11,3
42935,328.68,9,4
5219,579.67,13,2
82753,144.6,11,3
53133,321,12,4
46712,658.45,6,4
5433,444.59,9,3
72407,295.55,11,3
35513,392.05,11,4
70852,606.14,8,4
82446,299.56,10,4
35584,790.6,9,4
37405,375.39,12,2
10878,122.84,11,4
7694,415.26,0,9
3012,454.55,13,3
41150,388.34,10,4
4474,291.87,10,3
55573,554.25,10,4
93381,271.97,11,3
56534,134.11,11,4
43681,781.39,12,4
63234,274.74,11,4
513,592.24,11,4
61433,365.6,10,3
54606,377.4,13,3
33411,239.4,12,2
56323,180.04,9,3
30698,710.49,11,4
12959,296.82,8,4
52526,116.25,9,3
68083,209.34,4,3
1561,388.21,8,3
35100,251.04,11,3
26455,318.77,0,4
42835,199.39,5,3
35945,274.93,11,5
71851,356.02,8,3
5093,286.1,10,3
1369,489.43,12,4
59463,191.33,8,3
54201,401.52,8,3
41072,378.1,10,3
83362,118.89,7,4
56247,571.88,6,3
61189,672.73,9,3
53902,400.3,9,4
52213,417.36,6,3
21104,801.5,8,3
72121,490.98,10,3
48429,252.45,7,3
59126,417.57,14,3
64951,156.15,5,3
40057,318.8,8,3
81329,387.65,11,4
35865,342.56,8,4
92971,98.6,10,2
51209,323.72,8,3
22922,295.51,12,4
94351,455.1,11,3
20331,820.25,12,3
66669,421.61,11,4
6604,403.87,15,2
1487,276.48,10,3
89394,698.2,11,3
23486,383.19,6,2
22862,392.82,9,3
7785,343.74,13,4
22725,360.9,10,4
67452,285.06,15,3
86008,649.08,15,4
82788,779.85,8,3
48808,184.02,5,4
55366,575.78,13,3
83627,247.31,15,4
97423,827.96,13,3
37948,399.27,10,3
33334,179.34,11,4
66796,218.99,11,4
27747,245.25,12,4
86390,328.26,11,3
73907,193.95,9,3
